v 0.0162 -0.00954372 0.00103794 
v 0.0162 -0.00937556 0.00206372 
v 0.0162 -0.00909747 0.00306529 
v 0.0162 -0.00871272 0.00403094 
v 0.0162 -0.00822583 0.00494932 
v 0.0162 -0.00764249 0.00580967 
v 0.0162 -0.00696956 0.00660191 
v 0.0162 -0.00621491 0.00731676 
v 0.0162 -0.0053874 0.00794581 
v 0.0162 -0.00449672 0.00848172 
v 0.0162 -0.00355333 0.00891818 
v 0.0162 -0.00256827 0.00925008 
v 0.0162 -0.00155311 0.00947353 
v 0.0162 -0.000519734 0.00958592 
v 0.0162 0.000519734 0.00958592 
v 0.0162 0.00155311 0.00947353 
v 0.0162 0.00256827 0.00925008 
v 0.0162 0.00355333 0.00891818 
v 0.0162 0.00449672 0.00848172 
v 0.0162 0.0053874 0.00794581 
v 0.0162 0.00621491 0.00731676 
v 0.0162 0.00696956 0.00660191 
v 0.0162 0.00764249 0.00580967 
v 0.0162 0.00822583 0.00494932 
v 0.0162 0.00871272 0.00403094 
v 0.0162 0.00909747 0.00306529 
v 0.0162 0.00937556 0.00206372 
v 0.0162 0.00954372 0.00103794 
v 0.0162 0.0096 -1.17566e-18 
v 0.0162 0.00954372 -0.00103794 
v 0.0162 0.00937556 -0.00206372 
v 0.0162 0.00909747 -0.00306529 
v 0.0162 0.00871272 -0.00403094 
v 0.0162 0.00822583 -0.00494932 
v 0.0162 0.00764249 -0.00580967 
v 0.0162 0.00696956 -0.00660191 
v 0.0162 0.00621491 -0.00731676 
v 0.0162 0.0053874 -0.00794581 
v 0.0162 0.00449672 -0.00848172 
v 0.0162 0.00355333 -0.00891818 
v 0.0162 0.00256827 -0.00925008 
v 0.0162 0.00155311 -0.00947353 
v 0.0162 0.000519734 -0.00958592 
v 0.0162 -0.000519734 -0.00958592 
v 0.0162 -0.00155311 -0.00947353 
v 0.0162 -0.00256827 -0.00925008 
v 0.0162 -0.00355333 -0.00891818 
v 0.0162 -0.00449672 -0.00848172 
v 0.0162 -0.0053874 -0.00794581 
v 0.0162 -0.00621491 -0.00731676 
v 0.0162 -0.00696956 -0.00660191 
v 0.0162 -0.00764249 -0.00580967 
v 0.0162 -0.00822583 -0.00494932 
v 0.0162 -0.00871272 -0.00403094 
v 0.0162 -0.00909747 -0.00306529 
v 0.0162 -0.00937556 -0.00206372 
v 0.0162 -0.00954372 -0.00103794 
v 0.0162 -0.0096 2.35132e-18 
v 0.0162 5.8783e-19 0 
v 0.0243 -0.0096 0 
v 0.0243 -0.00954372 -0.00103794 
v 0.0243 -0.00937556 -0.00206372 
v 0.0243 -0.00909747 -0.00306529 
v 0.0243 -0.00871272 -0.00403094 
v 0.0243 -0.00822583 -0.00494932 
v 0.0243 -0.00764249 -0.00580967 
v 0.0243 -0.00696956 -0.00660191 
v 0.0243 -0.00621491 -0.00731676 
v 0.0243 -0.0053874 -0.00794581 
v 0.0243 -0.00449672 -0.00848172 
v 0.0243 -0.00355333 -0.00891818 
v 0.0243 -0.00256827 -0.00925008 
v 0.0243 -0.00155311 -0.00947353 
v 0.0243 -0.000519734 -0.00958592 
v 0.0243 0.000519734 -0.00958592 
v 0.0243 0.00155311 -0.00947353 
v 0.0243 0.00256827 -0.00925008 
v 0.0243 0.00355333 -0.00891818 
v 0.0243 0.00449672 -0.00848172 
v 0.0243 0.0053874 -0.00794581 
v 0.0243 0.00621491 -0.00731676 
v 0.0243 0.00696956 -0.00660191 
v 0.0243 0.00764249 -0.00580967 
v 0.0243 0.00822583 -0.00494932 
v 0.0243 0.00871272 -0.00403094 
v 0.0243 0.00909747 -0.00306529 
v 0.0243 0.00937556 -0.00206372 
v 0.0243 0.00954372 -0.00103794 
v 0.0243 0.0096 -1.17566e-18 
v 0.0243 0.00954372 0.00103794 
v 0.0243 0.00937556 0.00206372 
v 0.0243 0.00909747 0.00306529 
v 0.0243 0.00871272 0.00403094 
v 0.0243 0.00822583 0.00494932 
v 0.0243 0.00764249 0.00580967 
v 0.0243 0.00696956 0.00660191 
v 0.0243 0.00621491 0.00731676 
v 0.0243 0.0053874 0.00794581 
v 0.0243 0.00449672 0.00848172 
v 0.0243 0.00355333 0.00891818 
v 0.0243 0.00256827 0.00925008 
v 0.0243 0.00155311 0.00947353 
v 0.0243 0.000519734 0.00958592 
v 0.0243 -0.000519734 0.00958592 
v 0.0243 -0.00155311 0.00947353 
v 0.0243 -0.00256827 0.00925008 
v 0.0243 -0.00355333 0.00891818 
v 0.0243 -0.00449672 0.00848172 
v 0.0243 -0.0053874 0.00794581 
v 0.0243 -0.00621491 0.00731676 
v 0.0243 -0.00696956 0.00660191 
v 0.0243 -0.00764249 0.00580967 
v 0.0243 -0.00822583 0.00494932 
v 0.0243 -0.00871272 0.00403094 
v 0.0243 -0.00909747 0.00306529 
v 0.0243 -0.00937556 0.00206372 
v 0.0243 -0.00954372 0.00103794 
v 0.0243 5.8783e-19 0 
vn -1 0 0 
vn 0 -1 0 
vn 0 -0.994138 -0.108119 
vn 0 -0.976621 -0.21497 
vn 0 -0.947653 -0.319302 
vn 0 -0.907575 -0.419889 
vn 0 -0.856857 -0.515554 
vn 0 -0.796093 -0.605174 
vn 0 -0.725995 -0.687699 
vn 0 -0.647386 -0.762162 
vn 0 -0.561187 -0.827689 
vn 0 -0.468408 -0.883512 
vn 0 -0.370138 -0.928977 
vn 0 -0.267528 -0.96355 
vn 0 -0.161782 -0.986827 
vn 0 -0.0541389 -0.998533 
vn 0 0.0541389 -0.998533 
vn 0 0.161782 -0.986827 
vn 0 0.267528 -0.96355 
vn 0 0.370138 -0.928977 
vn 0 0.468408 -0.883512 
vn 0 0.561187 -0.827689 
vn 0 0.647386 -0.762162 
vn 0 0.725995 -0.687699 
vn 0 0.796093 -0.605174 
vn 0 0.856857 -0.515554 
vn 0 0.907575 -0.419889 
vn 0 0.947653 -0.319302 
vn 0 0.976621 -0.21497 
vn 0 0.994138 -0.108119 
vn 0 1 -1.22465e-16 
vn 0 0.994138 0.108119 
vn 0 0.976621 0.21497 
vn 0 0.947653 0.319302 
vn 0 0.907575 0.419889 
vn 0 0.856857 0.515554 
vn 0 0.796093 0.605174 
vn 0 0.725995 0.687699 
vn 0 0.647386 0.762162 
vn 0 0.561187 0.827689 
vn 0 0.468408 0.883512 
vn 0 0.370138 0.928977 
vn 0 0.267528 0.96355 
vn 0 0.161782 0.986827 
vn 0 0.0541389 0.998533 
vn 0 -0.0541389 0.998533 
vn 0 -0.161782 0.986827 
vn 0 -0.267528 0.96355 
vn 0 -0.370138 0.928977 
vn 0 -0.468408 0.883512 
vn 0 -0.561187 0.827689 
vn 0 -0.647386 0.762162 
vn 0 -0.725995 0.687699 
vn 0 -0.796093 0.605174 
vn 0 -0.856857 0.515554 
vn 0 -0.907575 0.419889 
vn 0 -0.947653 0.319302 
vn 0 -0.976621 0.21497 
vn 0 -0.994138 0.108119 
vn 1 0 0 
v -0.0081 -0.00954372 -0.00103794 
v -0.0081 -0.00937556 -0.00206372 
v -0.0081 -0.00909747 -0.00306529 
v -0.0081 -0.00871272 -0.00403094 
v -0.0081 -0.00822583 -0.00494932 
v -0.0081 -0.00764249 -0.00580967 
v -0.0081 -0.00696956 -0.00660191 
v -0.0081 -0.00621491 -0.00731676 
v -0.0081 -0.0053874 -0.00794581 
v -0.0081 -0.00449672 -0.00848172 
v -0.0081 -0.00355333 -0.00891818 
v -0.0081 -0.00256827 -0.00925008 
v -0.0081 -0.00155311 -0.00947353 
v -0.0081 -0.000519734 -0.00958592 
v -0.0081 0.000519734 -0.00958592 
v -0.0081 0.00155311 -0.00947353 
v -0.0081 0.00256827 -0.00925008 
v -0.0081 0.00355333 -0.00891818 
v -0.0081 0.00449672 -0.00848172 
v -0.0081 0.0053874 -0.00794581 
v -0.0081 0.00621491 -0.00731676 
v -0.0081 0.00696956 -0.00660191 
v -0.0081 0.00764249 -0.00580967 
v -0.0081 0.00822583 -0.00494932 
v -0.0081 0.00871272 -0.00403094 
v -0.0081 0.00909747 -0.00306529 
v -0.0081 0.00937556 -0.00206372 
v -0.0081 0.00954372 -0.00103794 
v -0.0081 0.0096 -1.17566e-18 
v -0.0081 0.00954372 0.00103794 
v -0.0081 0.00937556 0.00206372 
v -0.0081 0.00909747 0.00306529 
v -0.0081 0.00871272 0.00403094 
v -0.0081 0.00822583 0.00494932 
v -0.0081 0.00764249 0.00580967 
v -0.0081 0.00696956 0.00660191 
v -0.0081 0.00621491 0.00731676 
v -0.0081 0.0053874 0.00794581 
v -0.0081 0.00449672 0.00848172 
v -0.0081 0.00355333 0.00891818 
v -0.0081 0.00256827 0.00925008 
v -0.0081 0.00155311 0.00947353 
v -0.0081 0.000519734 0.00958592 
v -0.0081 -0.000519734 0.00958592 
v -0.0081 -0.00155311 0.00947353 
v -0.0081 -0.00256827 0.00925008 
v -0.0081 -0.00355333 0.00891818 
v -0.0081 -0.00449672 0.00848172 
v -0.0081 -0.0053874 0.00794581 
v -0.0081 -0.00621491 0.00731676 
v -0.0081 -0.00696956 0.00660191 
v -0.0081 -0.00764249 0.00580967 
v -0.0081 -0.00822583 0.00494932 
v -0.0081 -0.00871272 0.00403094 
v -0.0081 -0.00909747 0.00306529 
v -0.0081 -0.00937556 0.00206372 
v -0.0081 -0.00954372 0.00103794 
v -0.0081 -0.0096 0 
v -0.0081 5.8783e-19 0 
v -0.0243 -0.0096 2.35132e-18 
v -0.0243 -0.00954372 -0.00103794 
v -0.0243 -0.00937556 -0.00206372 
v -0.0243 -0.00909747 -0.00306529 
v -0.0243 -0.00871272 -0.00403094 
v -0.0243 -0.00822583 -0.00494932 
v -0.0243 -0.00764249 -0.00580967 
v -0.0243 -0.00696956 -0.00660191 
v -0.0243 -0.00621491 -0.00731676 
v -0.0243 -0.0053874 -0.00794581 
v -0.0243 -0.00449672 -0.00848172 
v -0.0243 -0.00355333 -0.00891818 
v -0.0243 -0.00256827 -0.00925008 
v -0.0243 -0.00155311 -0.00947353 
v -0.0243 -0.000519734 -0.00958592 
v -0.0243 0.000519734 -0.00958592 
v -0.0243 0.00155311 -0.00947353 
v -0.0243 0.00256827 -0.00925008 
v -0.0243 0.00355333 -0.00891818 
v -0.0243 0.00449672 -0.00848172 
v -0.0243 0.0053874 -0.00794581 
v -0.0243 0.00621491 -0.00731676 
v -0.0243 0.00696956 -0.00660191 
v -0.0243 0.00764249 -0.00580967 
v -0.0243 0.00822583 -0.00494932 
v -0.0243 0.00871272 -0.00403094 
v -0.0243 0.00909747 -0.00306529 
v -0.0243 0.00937556 -0.00206372 
v -0.0243 0.00954372 -0.00103794 
v -0.0243 0.0096 -1.17566e-18 
v -0.0243 0.00954372 0.00103794 
v -0.0243 0.00937556 0.00206372 
v -0.0243 0.00909747 0.00306529 
v -0.0243 0.00871272 0.00403094 
v -0.0243 0.00822583 0.00494932 
v -0.0243 0.00764249 0.00580967 
v -0.0243 0.00696956 0.00660191 
v -0.0243 0.00621491 0.00731676 
v -0.0243 0.0053874 0.00794581 
v -0.0243 0.00449672 0.00848172 
v -0.0243 0.00355333 0.00891818 
v -0.0243 0.00256827 0.00925008 
v -0.0243 0.00155311 0.00947353 
v -0.0243 0.000519734 0.00958592 
v -0.0243 -0.000519734 0.00958592 
v -0.0243 -0.00155311 0.00947353 
v -0.0243 -0.00256827 0.00925008 
v -0.0243 -0.00355333 0.00891818 
v -0.0243 -0.00449672 0.00848172 
v -0.0243 -0.0053874 0.00794581 
v -0.0243 -0.00621491 0.00731676 
v -0.0243 -0.00696956 0.00660191 
v -0.0243 -0.00764249 0.00580967 
v -0.0243 -0.00822583 0.00494932 
v -0.0243 -0.00871272 0.00403094 
v -0.0243 -0.00909747 0.00306529 
v -0.0243 -0.00937556 0.00206372 
v -0.0243 -0.00954372 0.00103794 
v -0.0243 0.00137652 -0.00130391 
v -0.0243 0.00150942 -0.00114743 
v -0.0243 0.00122747 -0.00144509 
v -0.0243 0.000507244 -0.00182693 
v -0.0243 0.000701797 -0.00176138 
v -0.0243 0.000306745 -0.00187106 
v -0.0243 0.00185171 -0.000407592 
v -0.0243 0.00188492 -0.000204998 
v -0.0243 0.00179679 -0.000605408 
v -0.0243 0.00162464 -0.000977511 
v -0.0243 0.00106403 -0.00156933 
v -0.0243 0.000888121 -0.00167517 
v -0.0243 -0.000701797 -0.00176138 
v -0.0243 -0.000507244 -0.00182693 
v -0.0243 -0.000888121 -0.00167517 
v -0.0243 -0.00150942 -0.00114743 
v -0.0243 -0.00137652 -0.00130391 
v -0.0243 -0.00162464 -0.000977511 
v -0.0243 -0.00189604 -6.96594e-19 
v -0.0243 -0.00188492 -0.000204998 
v -0.0243 -0.00188492 0.000204998 
v -0.0243 0.000701797 0.00176138 
v -0.0243 0.000888121 0.00167517 
v -0.0243 0.00106403 0.00156933 
v -0.0243 0.00122747 0.00144509 
v -0.0243 0.0017208 -0.000796126 
v -0.0243 0.00010265 -0.00189326 
v -0.0243 -0.00010265 -0.00189326 
v -0.0243 -0.000306745 -0.00187106 
v -0.0243 -0.00106403 -0.00156933 
v -0.0243 -0.00122747 -0.00144509 
v -0.0243 -0.0017208 -0.000796126 
v -0.0243 -0.00179679 -0.000605408 
v -0.0243 -0.00185171 -0.000407592 
v -0.0243 -0.00179679 0.000605408 
v -0.0243 -0.00185171 0.000407592 
v -0.0243 -0.0017208 0.000796126 
v -0.0243 0.00137652 0.00130391 
v -0.0243 0.00150942 0.00114743 
v -0.0243 0.00162464 0.000977511 
v -0.0243 0.0017208 0.000796126 
v -0.0243 0.00179679 0.000605408 
v -0.0243 0.00185171 0.000407592 
v -0.0243 -0.00162464 0.000977511 
v -0.0243 -0.00150942 0.00114743 
v -0.0243 -0.00137652 0.00130391 
v -0.0243 -0.000888121 0.00167517 
v -0.0243 -0.00106403 0.00156933 
v -0.0243 -0.000701797 0.00176138 
v -0.0243 -0.000507244 0.00182693 
v -0.0243 -0.000306745 0.00187106 
v -0.0243 -0.00122747 0.00144509 
v -0.0243 0.000306745 0.00187106 
v -0.0243 0.000507244 0.00182693 
v -0.0243 -0.00010265 0.00189326 
v -0.0243 0.00010265 0.00189326 
v -0.0243 0.00188492 0.000204998 
v -0.0243 0.00189604 0 
v -0.0203 0.00149121 -0.000162179 
v -0.0203 0.00146493 -0.000322456 
v -0.0203 0.00142148 -0.000478952 
v -0.0203 0.00136136 -0.000629834 
v -0.0203 0.00128529 -0.000773331 
v -0.0203 0.00119414 -0.000907761 
v -0.0203 0.00108899 -0.00103155 
v -0.0203 0.000971079 -0.00114324 
v -0.0203 0.000841781 -0.00124153 
v -0.0203 0.000702613 -0.00132527 
v -0.0203 0.000555207 -0.00139347 
v -0.0203 0.000401293 -0.00144532 
v -0.0203 0.000242673 -0.00148024 
v -0.0203 8.12084e-05 -0.0014978 
v -0.0203 -8.12084e-05 -0.0014978 
v -0.0203 -0.000242673 -0.00148024 
v -0.0203 -0.000401293 -0.00144532 
v -0.0203 -0.000555207 -0.00139347 
v -0.0203 -0.000702613 -0.00132527 
v -0.0203 -0.000841781 -0.00124153 
v -0.0203 -0.000971079 -0.00114324 
v -0.0203 -0.00108899 -0.00103155 
v -0.0203 -0.00119414 -0.000907761 
v -0.0203 -0.00128529 -0.000773331 
v -0.0203 -0.00136136 -0.000629834 
v -0.0203 -0.00142148 -0.000478952 
v -0.0203 -0.00146493 -0.000322456 
v -0.0203 -0.00149121 -0.000162179 
v -0.0203 -0.0015 1.14857e-18 
v -0.0203 -0.00149121 0.000162179 
v -0.0203 -0.00146493 0.000322456 
v -0.0203 -0.00142148 0.000478952 
v -0.0203 -0.00136136 0.000629834 
v -0.0203 -0.00128529 0.000773331 
v -0.0203 -0.00119414 0.000907761 
v -0.0203 -0.00108899 0.00103155 
v -0.0203 -0.000971079 0.00114324 
v -0.0203 -0.000841781 0.00124153 
v -0.0203 -0.000702613 0.00132527 
v -0.0203 -0.000555207 0.00139347 
v -0.0203 -0.000401293 0.00144532 
v -0.0203 -0.000242673 0.00148024 
v -0.0203 -8.12084e-05 0.0014978 
v -0.0203 8.12084e-05 0.0014978 
v -0.0203 0.000242673 0.00148024 
v -0.0203 0.000401293 0.00144532 
v -0.0203 0.000555207 0.00139347 
v -0.0203 0.000702613 0.00132527 
v -0.0203 0.000841781 0.00124153 
v -0.0203 0.000971079 0.00114324 
v -0.0203 0.00108899 0.00103155 
v -0.0203 0.00119414 0.000907761 
v -0.0203 0.00128529 0.000773331 
v -0.0203 0.00136136 0.000629834 
v -0.0203 0.00142148 0.000478952 
v -0.0203 0.00146493 0.000322456 
v -0.0203 0.00149121 0.000162179 
v -0.0203 0.0015 0 
v -0.0203 0 0 
vn 1 0 0 
vn 0 -1 0 
vn 0 -0.994138 -0.108119 
vn 0 -0.976621 -0.21497 
vn 0 -0.947653 -0.319302 
vn 0 -0.907575 -0.419889 
vn 0 -0.856857 -0.515554 
vn 0 -0.796093 -0.605174 
vn 0 -0.725995 -0.687699 
vn 0 -0.647386 -0.762162 
vn 0 -0.561187 -0.827689 
vn 0 -0.468408 -0.883512 
vn 0 -0.370138 -0.928977 
vn 0 -0.267528 -0.96355 
vn 0 -0.161782 -0.986827 
vn 0 -0.0541389 -0.998533 
vn 0 0.0541389 -0.998533 
vn 0 0.161782 -0.986827 
vn 0 0.267528 -0.96355 
vn 0 0.370138 -0.928977 
vn 0 0.468408 -0.883512 
vn 0 0.561187 -0.827689 
vn 0 0.647386 -0.762162 
vn 0 0.725995 -0.687699 
vn 0 0.796093 -0.605174 
vn 0 0.856857 -0.515554 
vn 0 0.907575 -0.419889 
vn 0 0.947653 -0.319302 
vn 0 0.976621 -0.21497 
vn 0 0.994138 -0.108119 
vn 0 1 -1.22465e-16 
vn 0 0.994138 0.108119 
vn 0 0.976621 0.21497 
vn 0 0.947653 0.319302 
vn 0 0.907575 0.419889 
vn 0 0.856857 0.515554 
vn 0 0.796093 0.605174 
vn 0 0.725995 0.687699 
vn 0 0.647386 0.762162 
vn 0 0.561187 0.827689 
vn 0 0.468408 0.883512 
vn 0 0.370138 0.928977 
vn 0 0.267528 0.96355 
vn 0 0.161782 0.986827 
vn 0 0.0541389 0.998533 
vn 0 -0.0541389 0.998533 
vn 0 -0.161782 0.986827 
vn 0 -0.267528 0.96355 
vn 0 -0.370138 0.928977 
vn 0 -0.468408 0.883512 
vn 0 -0.561187 0.827689 
vn 0 -0.647386 0.762162 
vn 0 -0.725995 0.687699 
vn 0 -0.796093 0.605174 
vn 0 -0.856857 0.515554 
vn 0 -0.907575 0.419889 
vn 0 -0.947653 0.319302 
vn 0 -0.976621 0.21497 
vn 0 -0.994138 0.108119 
vn -1 0 0 
vn -0.0985281 -0.995134 0 
vn -0.0985281 -0.989301 0.107593 
vn -0.0985281 -0.971869 0.213924 
vn -0.0985281 -0.943042 0.317748 
vn -0.0985281 -0.903159 0.417846 
vn -0.0985281 -0.852688 0.513045 
vn -0.0985281 -0.792219 0.60223 
vn -0.0985281 -0.722463 0.684353 
vn -0.0985281 -0.644236 0.758454 
vn -0.0985281 -0.558456 0.823662 
vn -0.0985281 -0.466129 0.879213 
vn -0.0985281 -0.368337 0.924457 
vn -0.0985281 -0.266227 0.958862 
vn -0.0985281 -0.160995 0.982025 
vn -0.0985281 -0.0538755 0.993675 
vn -0.0985281 0.0538755 0.993675 
vn -0.0985281 0.160995 0.982025 
vn -0.0985281 0.266227 0.958862 
vn -0.0985281 0.368337 0.924457 
vn -0.0985281 0.466129 0.879213 
vn -0.0985281 0.558456 0.823662 
vn -0.0985281 0.644236 0.758454 
vn -0.0985281 0.722463 0.684353 
vn -0.0985281 0.792219 0.60223 
vn -0.0985281 0.852688 0.513045 
vn -0.0985281 0.903159 0.417846 
vn -0.0985281 0.943042 0.317748 
vn -0.0985281 0.971869 0.213924 
vn -0.0985281 0.989301 0.107593 
vn -0.0985281 0.995134 -2.07154e-16 
vn -0.0985281 0.989301 -0.107593 
vn -0.0985281 0.971869 -0.213924 
vn -0.0985281 0.943042 -0.317748 
vn -0.0985281 0.903159 -0.417846 
vn -0.0985281 0.852688 -0.513045 
vn -0.0985281 0.792219 -0.60223 
vn -0.0985281 0.722463 -0.684353 
vn -0.0985281 0.644236 -0.758454 
vn -0.0985281 0.558456 -0.823662 
vn -0.0985281 0.466129 -0.879213 
vn -0.0985281 0.368337 -0.924457 
vn -0.0985281 0.266227 -0.958862 
vn -0.0985281 0.160995 -0.982025 
vn -0.0985281 0.0538755 -0.993675 
vn -0.0985281 -0.0538755 -0.993675 
vn -0.0985281 -0.160995 -0.982025 
vn -0.0985281 -0.266227 -0.958862 
vn -0.0985281 -0.368337 -0.924457 
vn -0.0985281 -0.466129 -0.879213 
vn -0.0985281 -0.558456 -0.823662 
vn -0.0985281 -0.644236 -0.758454 
vn -0.0985281 -0.722463 -0.684353 
vn -0.0985281 -0.792219 -0.60223 
vn -0.0985281 -0.852688 -0.513045 
vn -0.0985281 -0.903159 -0.417846 
vn -0.0985281 -0.943042 -0.317748 
vn -0.0985281 -0.971869 -0.213924 
vn -0.0985281 -0.989301 -0.107593 
vn -0.0985281 -0.995134 0 
vn -1 0 0 
v -0.0243 -0.0096 0 
v -0.0405 -0.0096 2.35132e-18 
v -0.0405 -0.00954372 -0.00103794 
v -0.0243 -0.00954372 -0.00103794 
v -0.0405 -0.00937556 -0.00206372 
v -0.0243 -0.00937556 -0.00206372 
v -0.0405 -0.00909747 -0.00306529 
v -0.0243 -0.00909747 -0.00306529 
v -0.0405 -0.00871272 -0.00403094 
v -0.0243 -0.00871272 -0.00403094 
v -0.0405 -0.00822583 -0.00494932 
v -0.0243 -0.00822583 -0.00494932 
v -0.0405 -0.00764249 -0.00580967 
v -0.0243 -0.00764249 -0.00580967 
v -0.0405 -0.00696956 -0.00660191 
v -0.0243 -0.00696956 -0.00660191 
v -0.0405 -0.00621491 -0.00731676 
v -0.0243 -0.00621491 -0.00731676 
v -0.0405 -0.0053874 -0.00794581 
v -0.0243 -0.0053874 -0.00794581 
v -0.0405 -0.00449672 -0.00848172 
v -0.0243 -0.00449672 -0.00848172 
v -0.0405 -0.00355333 -0.00891818 
v -0.0243 -0.00355333 -0.00891818 
v -0.0405 -0.00256827 -0.00925008 
v -0.0243 -0.00256827 -0.00925008 
v -0.0405 -0.00155311 -0.00947353 
v -0.0243 -0.00155311 -0.00947353 
v -0.0405 -0.000519734 -0.00958592 
v -0.0243 -0.000519734 -0.00958592 
v -0.0405 0.000519734 -0.00958592 
v -0.0243 0.000519734 -0.00958592 
v -0.0405 0.00155311 -0.00947353 
v -0.0243 0.00155311 -0.00947353 
v -0.0405 0.00256827 -0.00925008 
v -0.0243 0.00256827 -0.00925008 
v -0.0405 0.00355333 -0.00891818 
v -0.0243 0.00355333 -0.00891818 
v -0.0405 0.00449672 -0.00848172 
v -0.0243 0.00449672 -0.00848172 
v -0.0405 0.0053874 -0.00794581 
v -0.0243 0.0053874 -0.00794581 
v -0.0405 0.00621491 -0.00731676 
v -0.0243 0.00621491 -0.00731676 
v -0.0405 0.00696956 -0.00660191 
v -0.0243 0.00696956 -0.00660191 
v -0.0405 0.00764249 -0.00580967 
v -0.0243 0.00764249 -0.00580967 
v -0.0405 0.00822583 -0.00494932 
v -0.0243 0.00822583 -0.00494932 
v -0.0405 0.00871272 -0.00403094 
v -0.0243 0.00871272 -0.00403094 
v -0.0405 0.00909747 -0.00306529 
v -0.0243 0.00909747 -0.00306529 
v -0.0405 0.00937556 -0.00206372 
v -0.0243 0.00937556 -0.00206372 
v -0.0405 0.00954372 -0.00103794 
v -0.0243 0.00954372 -0.00103794 
v -0.0405 0.0096 -1.17566e-18 
v -0.0243 0.0096 -1.17566e-18 
v -0.0405 0.00954372 0.00103794 
v -0.0243 0.00954372 0.00103794 
v -0.0405 0.00937556 0.00206372 
v -0.0243 0.00937556 0.00206372 
v -0.0405 0.00909747 0.00306529 
v -0.0243 0.00909747 0.00306529 
v -0.0405 0.00871272 0.00403094 
v -0.0243 0.00871272 0.00403094 
v -0.0405 0.00822583 0.00494932 
v -0.0243 0.00822583 0.00494932 
v -0.0405 0.00764249 0.00580967 
v -0.0243 0.00764249 0.00580967 
v -0.0405 0.00696956 0.00660191 
v -0.0243 0.00696956 0.00660191 
v -0.0405 0.00621491 0.00731676 
v -0.0243 0.00621491 0.00731676 
v -0.0405 0.0053874 0.00794581 
v -0.0243 0.0053874 0.00794581 
v -0.0405 0.00449672 0.00848172 
v -0.0243 0.00449672 0.00848172 
v -0.0405 0.00355333 0.00891818 
v -0.0243 0.00355333 0.00891818 
v -0.0405 0.00256827 0.00925008 
v -0.0243 0.00256827 0.00925008 
v -0.0405 0.00155311 0.00947353 
v -0.0243 0.00155311 0.00947353 
v -0.0405 0.000519734 0.00958592 
v -0.0243 0.000519734 0.00958592 
v -0.0405 -0.000519734 0.00958592 
v -0.0243 -0.000519734 0.00958592 
v -0.0405 -0.00155311 0.00947353 
v -0.0243 -0.00155311 0.00947353 
v -0.0405 -0.00256827 0.00925008 
v -0.0243 -0.00256827 0.00925008 
v -0.0405 -0.00355333 0.00891818 
v -0.0243 -0.00355333 0.00891818 
v -0.0405 -0.00449672 0.00848172 
v -0.0243 -0.00449672 0.00848172 
v -0.0405 -0.0053874 0.00794581 
v -0.0243 -0.0053874 0.00794581 
v -0.0405 -0.00621491 0.00731676 
v -0.0243 -0.00621491 0.00731676 
v -0.0405 -0.00696956 0.00660191 
v -0.0243 -0.00696956 0.00660191 
v -0.0405 -0.00764249 0.00580967 
v -0.0243 -0.00764249 0.00580967 
v -0.0405 -0.00822583 0.00494932 
v -0.0243 -0.00822583 0.00494932 
v -0.0405 -0.00871272 0.00403094 
v -0.0243 -0.00871272 0.00403094 
v -0.0405 -0.00909747 0.00306529 
v -0.0243 -0.00909747 0.00306529 
v -0.0405 -0.00937556 0.00206372 
v -0.0243 -0.00937556 0.00206372 
v -0.0405 -0.00954372 0.00103794 
v -0.0243 -0.00954372 0.00103794 
v -0.0405 -0.002999 -0.00180444 
v -0.0405 -0.00278633 -0.00211811 
v -0.0405 -0.00317651 -0.00146961 
v -0.0405 -0.00226585 0.00266757 
v -0.0405 -0.00254098 0.00240695 
v -0.0405 -0.00196415 0.00289691 
v -0.0405 0.00129548 0.00325142 
v -0.0405 0.00163943 0.00309229 
v -0.0405 0.00317651 -0.00146961 
v -0.0405 0.00331679 -0.00111756 
v -0.0405 0.002999 -0.00180444 
v -0.0405 -0.00331679 -0.00111756 
v -0.0405 -0.00163943 0.00309229 
v -0.0405 0.00196415 0.00289691 
v -0.0405 0.00331679 0.00111756 
v -0.0405 0.00341817 0.000752397 
v -0.0405 0.00341817 -0.000752397 
v -0.0405 0.00347948 -0.000378417 
v -0.0405 0.00278633 -0.00211811 
v -0.0405 0.00254098 -0.00240695 
v -0.0405 0.00226585 -0.00266757 
v -0.0405 0.00129548 -0.00325142 
v -0.0405 0.00163943 -0.00309229 
v -0.0405 0.000936349 -0.00337242 
v -0.0405 -0.000189486 -0.00349487 
v -0.0405 0.000189486 -0.00349487 
v -0.0405 -0.000566237 -0.00345389 
v -0.0405 -0.00163943 -0.00309229 
v -0.0405 -0.00129548 -0.00325142 
v -0.0405 -0.00196415 -0.00289691 
v -0.0405 -0.00341817 -0.000752397 
v -0.0405 -0.00347948 -0.000378417 
v -0.0405 -0.0035 2.68e-18 
v -0.0405 -0.002999 0.00180444 
v -0.0405 -0.00317651 0.00146961 
v -0.0405 -0.00278633 0.00211811 
v -0.0405 -0.00129548 0.00325142 
v -0.0405 -0.000936349 0.00337242 
v -0.0405 -0.000566237 0.00345389 
v -0.0405 0.00226585 0.00266757 
v -0.0405 0.00254098 0.00240695 
v -0.0405 0.00278633 0.00211811 
v -0.0405 0.002999 0.00180444 
v -0.0405 0.00317651 0.00146961 
v -0.0405 0.00347948 0.000378417 
v -0.0405 0.0035 8.57253e-19 
v -0.0405 0.000566237 -0.00345389 
v -0.0405 -0.000936349 -0.00337242 
v -0.0405 -0.00226585 -0.00266757 
v -0.0405 -0.00254098 -0.00240695 
v -0.0405 -0.00347948 0.000378417 
v -0.0405 -0.00341817 0.000752397 
v -0.0405 -0.00331679 0.00111756 
v -0.0405 -0.000189486 0.00349487 
v -0.0405 0.000189486 0.00349487 
v -0.0405 0.00196415 -0.00289691 
v -0.0405 0.000566237 0.00345389 
v -0.0405 0.000936349 0.00337242 
v -0.0243 -0.000507244 0.00182693 
v -0.0243 -0.000306745 0.00187106 
v -0.0243 -0.000701797 0.00176138 
v -0.0243 0.00137652 0.00130391 
v -0.0243 0.00150942 0.00114743 
v -0.0243 0.00122747 0.00144509 
v -0.0243 0.00106403 0.00156933 
v -0.0243 0.000888121 0.00167517 
v -0.0243 0.000306745 0.00187106 
v -0.0243 0.000507244 0.00182693 
v -0.0243 0.00010265 0.00189326 
v -0.0243 -0.000888121 0.00167517 
v -0.0243 0.000507244 -0.00182693 
v -0.0243 0.000306745 -0.00187106 
v -0.0243 0.000701797 -0.00176138 
v -0.0243 0.00179679 0.000605408 
v -0.0243 0.00185171 0.000407592 
v -0.0243 0.0017208 0.000796126 
v -0.0243 0.00162464 0.000977511 
v -0.0243 0.000701797 0.00176138 
v -0.0243 -0.00010265 0.00189326 
v -0.0243 -0.00106403 0.00156933 
v -0.0243 -0.00122747 0.00144509 
v -0.0243 -0.00137652 0.00130391 
v -0.0243 -0.00189604 -2.32198e-19 
v -0.0243 -0.00188492 -0.000204998 
v -0.0243 -0.00162464 -0.000977511 
v -0.0243 -0.00150942 -0.00114743 
v -0.0243 0.00010265 -0.00189326 
v -0.0243 -0.00150942 0.00114743 
v -0.0243 -0.00162464 0.000977511 
v -0.0243 -0.00188492 0.000204998 
v -0.0243 -0.00179679 -0.000605408 
v -0.0243 -0.0017208 -0.000796126 
v -0.0243 -0.00137652 -0.00130391 
v -0.0243 0.000888121 -0.00167517 
v -0.0243 0.00106403 -0.00156933 
v -0.0243 0.00122747 -0.00144509 
v -0.0243 -0.0017208 0.000796126 
v -0.0243 -0.00179679 0.000605408 
v -0.0243 -0.00185171 0.000407592 
v -0.0243 -0.00185171 -0.000407592 
v -0.0243 -0.00122747 -0.00144509 
v -0.0243 -0.00106403 -0.00156933 
v -0.0243 0.00137652 -0.00130391 
v -0.0243 0.00150942 -0.00114743 
v -0.0243 0.0017208 -0.000796126 
v -0.0243 0.00162464 -0.000977511 
v -0.0243 0.00179679 -0.000605408 
v -0.0243 0.00185171 -0.000407592 
v -0.0243 0.00188492 -0.000204998 
v -0.0243 0.00188492 0.000204998 
v -0.0243 0.00189604 0 
v -0.0243 -0.000888121 -0.00167517 
v -0.0243 -0.000701797 -0.00176138 
v -0.0243 -0.000507244 -0.00182693 
v -0.0243 -0.00010265 -0.00189326 
v -0.0243 -0.000306745 -0.00187106 
vn 0 -1 0 
vn 0 -0.994138 -0.108119 
vn 0 -0.976621 -0.21497 
vn 0 -0.947653 -0.319302 
vn 0 -0.907575 -0.419889 
vn 0 -0.856857 -0.515554 
vn 0 -0.796093 -0.605174 
vn 0 -0.725995 -0.687699 
vn 0 -0.647386 -0.762162 
vn 0 -0.561187 -0.827689 
vn 0 -0.468408 -0.883512 
vn 0 -0.370138 -0.928977 
vn 0 -0.267528 -0.96355 
vn 0 -0.161782 -0.986827 
vn 0 -0.0541389 -0.998533 
vn 0 0.0541389 -0.998533 
vn 0 0.161782 -0.986827 
vn 0 0.267528 -0.96355 
vn 0 0.370138 -0.928977 
vn 0 0.468408 -0.883512 
vn 0 0.561187 -0.827689 
vn 0 0.647386 -0.762162 
vn 0 0.725995 -0.687699 
vn 0 0.796093 -0.605174 
vn 0 0.856857 -0.515554 
vn 0 0.907575 -0.419889 
vn 0 0.947653 -0.319302 
vn 0 0.976621 -0.21497 
vn 0 0.994138 -0.108119 
vn 0 1 -1.22465e-16 
vn 0 0.994138 0.108119 
vn 0 0.976621 0.21497 
vn 0 0.947653 0.319302 
vn 0 0.907575 0.419889 
vn 0 0.856857 0.515554 
vn 0 0.796093 0.605174 
vn 0 0.725995 0.687699 
vn 0 0.647386 0.762162 
vn 0 0.561187 0.827689 
vn 0 0.468408 0.883512 
vn 0 0.370138 0.928977 
vn 0 0.267528 0.96355 
vn 0 0.161782 0.986827 
vn 0 0.0541389 0.998533 
vn 0 -0.0541389 0.998533 
vn 0 -0.161782 0.986827 
vn 0 -0.267528 0.96355 
vn 0 -0.370138 0.928977 
vn 0 -0.468408 0.883512 
vn 0 -0.561187 0.827689 
vn 0 -0.647386 0.762162 
vn 0 -0.725995 0.687699 
vn 0 -0.796093 0.605174 
vn 0 -0.856857 0.515554 
vn 0 -0.907575 0.419889 
vn 0 -0.947653 0.319302 
vn 0 -0.976621 0.21497 
vn 0 -0.994138 0.108119 
vn -1 0 0 
vn 1 0 0 
vn -0.0985281 -0.995134 0 
vn -0.0985281 -0.989301 0.107593 
vn -0.0985281 -0.971869 0.213924 
vn -0.0985281 -0.943042 0.317748 
vn -0.0985281 -0.903159 0.417846 
vn -0.0985281 -0.852688 0.513045 
vn -0.0985281 -0.792219 0.60223 
vn -0.0985281 -0.722463 0.684353 
vn -0.0985281 -0.644236 0.758454 
vn -0.0985281 -0.558456 0.823662 
vn -0.0985281 -0.466129 0.879213 
vn -0.0985281 -0.368337 0.924457 
vn -0.0985281 -0.266227 0.958862 
vn -0.0985281 -0.160995 0.982025 
vn -0.0985281 -0.0538755 0.993675 
vn -0.0985281 0.0538755 0.993675 
vn -0.0985281 0.160995 0.982025 
vn -0.0985281 0.266227 0.958862 
vn -0.0985281 0.368337 0.924457 
vn -0.0985281 0.466129 0.879213 
vn -0.0985281 0.558456 0.823662 
vn -0.0985281 0.644236 0.758454 
vn -0.0985281 0.722463 0.684353 
vn -0.0985281 0.792219 0.60223 
vn -0.0985281 0.852688 0.513045 
vn -0.0985281 0.903159 0.417846 
vn -0.0985281 0.943042 0.317748 
vn -0.0985281 0.971869 0.213924 
vn -0.0985281 0.989301 0.107593 
vn -0.0985281 0.995134 -2.07154e-16 
vn -0.0985281 0.989301 -0.107593 
vn -0.0985281 0.971869 -0.213924 
vn -0.0985281 0.943042 -0.317748 
vn -0.0985281 0.903159 -0.417846 
vn -0.0985281 0.852688 -0.513045 
vn -0.0985281 0.792219 -0.60223 
vn -0.0985281 0.722463 -0.684353 
vn -0.0985281 0.644236 -0.758454 
vn -0.0985281 0.558456 -0.823662 
vn -0.0985281 0.466129 -0.879213 
vn -0.0985281 0.368337 -0.924457 
vn -0.0985281 0.266227 -0.958862 
vn -0.0985281 0.160995 -0.982025 
vn -0.0985281 0.0538755 -0.993675 
vn -0.0985281 -0.0538755 -0.993675 
vn -0.0985281 -0.160995 -0.982025 
vn -0.0985281 -0.266227 -0.958862 
vn -0.0985281 -0.368337 -0.924457 
vn -0.0985281 -0.466129 -0.879213 
vn -0.0985281 -0.558456 -0.823662 
vn -0.0985281 -0.644236 -0.758454 
vn -0.0985281 -0.722463 -0.684353 
vn -0.0985281 -0.792219 -0.60223 
vn -0.0985281 -0.852688 -0.513045 
vn -0.0985281 -0.903159 -0.417846 
vn -0.0985281 -0.943042 -0.317748 
vn -0.0985281 -0.971869 -0.213924 
vn -0.0985281 -0.989301 -0.107593 
vn -0.0985281 -0.995134 0 
v -0.0425 0.00954372 0.00103794 
v -0.0425 0.0096 0 
v 0.0425 0.0096 0 
v -0.0425 0.00937556 0.00206372 
v 0.0425 0.00954372 0.00103794 
v -0.0425 0.00909747 0.00306529 
v 0.0425 0.00937556 0.00206372 
v -0.0425 0.00871272 0.00403094 
v 0.0425 0.00909747 0.00306529 
v -0.0425 0.00822583 0.00494932 
v 0.0425 0.00871272 0.00403094 
v -0.0425 0.00764249 0.00580967 
v 0.0425 0.00822583 0.00494932 
v -0.0425 0.00696956 0.00660191 
v 0.0425 0.00764249 0.00580967 
v -0.0425 0.00621491 0.00731676 
v 0.0425 0.00696956 0.00660191 
v -0.0425 0.0053874 0.00794581 
v 0.0425 0.00621491 0.00731676 
v -0.0425 0.00449672 0.00848172 
v 0.0425 0.0053874 0.00794581 
v -0.0425 0.00355333 0.00891818 
v 0.0425 0.00449672 0.00848172 
v -0.0425 0.00256827 0.00925008 
v 0.0425 0.00355333 0.00891818 
v -0.0425 0.00155311 0.00947353 
v 0.0425 0.00256827 0.00925008 
v -0.0425 0.000519734 0.00958592 
v 0.0425 0.00155311 0.00947353 
v -0.0425 -0.000519734 0.00958592 
v 0.0425 0.000519734 0.00958592 
v -0.0425 -0.00155311 0.00947353 
v 0.0425 -0.000519734 0.00958592 
v -0.0425 -0.00256827 0.00925008 
v 0.0425 -0.00155311 0.00947353 
v -0.0425 -0.00355333 0.00891818 
v 0.0425 -0.00256827 0.00925008 
v -0.0425 -0.00449672 0.00848172 
v 0.0425 -0.00355333 0.00891818 
v -0.0425 -0.0053874 0.00794581 
v 0.0425 -0.00449672 0.00848172 
v -0.0425 -0.00621491 0.00731676 
v 0.0425 -0.0053874 0.00794581 
v -0.0425 -0.00696956 0.00660191 
v 0.0425 -0.00621491 0.00731676 
v -0.0425 -0.00764249 0.00580967 
v 0.0425 -0.00696956 0.00660191 
v -0.0425 -0.00822583 0.00494932 
v 0.0425 -0.00764249 0.00580967 
v -0.0425 -0.00871272 0.00403094 
v 0.0425 -0.00822583 0.00494932 
v -0.0425 -0.00909747 0.00306529 
v 0.0425 -0.00871272 0.00403094 
v -0.0425 -0.00937556 0.00206372 
v 0.0425 -0.00909747 0.00306529 
v -0.0425 -0.00954372 0.00103794 
v 0.0425 -0.00937556 0.00206372 
v -0.0425 -0.0096 -3.52698e-18 
v 0.0425 -0.00954372 0.00103794 
v -0.0425 -0.00954372 -0.00103794 
v 0.0425 -0.0096 -1.17566e-18 
v -0.0425 -0.00937556 -0.00206372 
v 0.0425 -0.00954372 -0.00103794 
v -0.0425 -0.00909747 -0.00306529 
v 0.0425 -0.00937556 -0.00206372 
v -0.0425 -0.00871272 -0.00403094 
v 0.0425 -0.00909747 -0.00306529 
v -0.0425 -0.00822583 -0.00494932 
v 0.0425 -0.00871272 -0.00403094 
v -0.0425 -0.00764249 -0.00580967 
v 0.0425 -0.00822583 -0.00494932 
v -0.0425 -0.00696956 -0.00660191 
v 0.0425 -0.00764249 -0.00580967 
v -0.0425 -0.00621491 -0.00731676 
v 0.0425 -0.00696956 -0.00660191 
v -0.0425 -0.0053874 -0.00794581 
v 0.0425 -0.00621491 -0.00731676 
v -0.0425 -0.00449672 -0.00848172 
v 0.0425 -0.0053874 -0.00794581 
v -0.0425 -0.00355333 -0.00891818 
v 0.0425 -0.00449672 -0.00848172 
v -0.0425 -0.00256827 -0.00925008 
v 0.0425 -0.00355333 -0.00891818 
v -0.0425 -0.00155311 -0.00947353 
v 0.0425 -0.00256827 -0.00925008 
v -0.0425 -0.000519734 -0.00958592 
v 0.0425 -0.00155311 -0.00947353 
v -0.0425 0.000519734 -0.00958592 
v 0.0425 -0.000519734 -0.00958592 
v -0.0425 0.00155311 -0.00947353 
v 0.0425 0.000519734 -0.00958592 
v -0.0425 0.00256827 -0.00925008 
v 0.0425 0.00155311 -0.00947353 
v -0.0425 0.00355333 -0.00891818 
v 0.0425 0.00256827 -0.00925008 
v -0.0425 0.00449672 -0.00848172 
v 0.0425 0.00355333 -0.00891818 
v -0.0425 0.0053874 -0.00794581 
v 0.0425 0.00449672 -0.00848172 
v -0.0425 0.00621491 -0.00731676 
v 0.0425 0.0053874 -0.00794581 
v -0.0425 0.00696956 -0.00660191 
v 0.0425 0.00621491 -0.00731676 
v -0.0425 0.00764249 -0.00580967 
v 0.0425 0.00696956 -0.00660191 
v -0.0425 0.00822583 -0.00494932 
v 0.0425 0.00764249 -0.00580967 
v -0.0425 0.00871272 -0.00403094 
v 0.0425 0.00822583 -0.00494932 
v -0.0425 0.00909747 -0.00306529 
v 0.0425 0.00871272 -0.00403094 
v -0.0425 0.00937556 -0.00206372 
v 0.0425 0.00909747 -0.00306529 
v -0.0425 0.00954372 -0.00103794 
v 0.0425 0.00937556 -0.00206372 
v 0.0425 0.00954372 -0.00103794 
v 0.0425 0.00776864 0.00914594 
v 0.0425 0.00673424 0.00993227 
v 0.0425 0.0056209 0.0106021 
v 0.0425 0.0056209 -0.0106021 
v 0.0425 0.00673424 -0.00993227 
v 0.0425 0.00776864 -0.00914594 
v 0.0425 0.00871195 -0.00825239 
v 0.0425 0.00955312 -0.00726209 
v 0.0425 0.0102823 0.00618665 
v 0.0425 0.00955312 0.00726209 
v 0.0425 0.00444166 0.0111477 
v 0.0425 0.00321034 0.0115626 
v 0.0425 0.00194138 0.0118419 
v 0.0425 -0.00673424 0.00993227 
v 0.0425 -0.00776864 0.00914594 
v 0.0425 -0.0102823 -0.00618665 
v 0.0425 -0.00955312 -0.00726209 
v 0.0425 0.0102823 -0.00618665 
v 0.0425 0.0108909 -0.00503867 
v 0.0425 0.00871195 0.00825239 
v 0.0425 0.000649667 0.0119824 
v 0.0425 -0.000649667 0.0119824 
v 0.0425 -0.00194138 0.0118419 
v 0.0425 -0.00321034 0.0115626 
v 0.0425 -0.00444166 0.0111477 
v 0.0425 -0.0056209 0.0106021 
v 0.0425 -0.00871195 0.00825239 
v 0.0425 -0.00871195 -0.00825239 
v 0.0425 0.0113718 -0.00383162 
v 0.0425 0.0117194 -0.00257965 
v 0.0425 -0.00955312 0.00726209 
v 0.0425 -0.0102823 0.00618665 
v 0.0425 -0.00776864 -0.00914594 
v 0.0425 -0.00673424 -0.00993227 
v 0.0425 -0.0056209 -0.0106021 
v 0.0425 0.00444166 -0.0111477 
v 0.0425 -0.0108909 0.00503867 
v 0.0425 -0.0113718 0.00383162 
v 0.0425 -0.00444166 -0.0111477 
v 0.0425 -0.00321034 -0.0115626 
v 0.0425 -0.00194138 -0.0118419 
v 0.0425 -0.000649667 -0.0119824 
v 0.0425 0.0119297 -0.00129743 
v 0.0425 0.012 0 
v 0.0425 0.0113718 0.00383162 
v 0.0425 0.0108909 0.00503867 
v 0.0425 -0.0117194 0.00257965 
v 0.0425 -0.0119297 0.00129743 
v 0.0425 -0.012 -4.40873e-18 
v 0.0425 -0.0119297 -0.00129743 
v 0.0425 -0.0117194 -0.00257965 
v 0.0425 -0.0113718 -0.00383162 
v 0.0425 -0.0108909 -0.00503867 
v 0.0425 0.000649667 -0.0119824 
v 0.0425 0.0119297 0.00129743 
v 0.0425 0.0117194 0.00257965 
v 0.0425 0.00194138 -0.0118419 
v 0.0425 0.00321034 -0.0115626 
v -0.0425 0.012 0 
v -0.0425 0.0119297 -0.00129743 
v -0.0425 0.0117194 -0.00257965 
v -0.0425 0.0113718 -0.00383162 
v -0.0425 0.0108909 -0.00503867 
v -0.0425 0.0102823 -0.00618665 
v -0.0425 0.00955312 -0.00726209 
v -0.0425 0.00871195 -0.00825239 
v -0.0425 0.00776864 -0.00914594 
v -0.0425 0.00673424 -0.00993227 
v -0.0425 0.0056209 -0.0106021 
v -0.0425 0.00444166 -0.0111477 
v -0.0425 0.00321034 -0.0115626 
v -0.0425 0.00194138 -0.0118419 
v -0.0425 0.000649667 -0.0119824 
v -0.0425 -0.000649667 -0.0119824 
v -0.0425 -0.00194138 -0.0118419 
v -0.0425 -0.00321034 -0.0115626 
v -0.0425 -0.00444166 -0.0111477 
v -0.0425 -0.0056209 -0.0106021 
v -0.0425 -0.00673424 -0.00993227 
v -0.0425 -0.00776864 -0.00914594 
v -0.0425 -0.00871195 -0.00825239 
v -0.0425 -0.00955312 -0.00726209 
v -0.0425 -0.0102823 -0.00618665 
v -0.0425 -0.0108909 -0.00503867 
v -0.0425 -0.0113718 -0.00383162 
v -0.0425 -0.0117194 -0.00257965 
v -0.0425 -0.0119297 -0.00129743 
v -0.0425 -0.012 -1.46958e-18 
v -0.0425 -0.0119297 0.00129743 
v -0.0425 -0.0117194 0.00257965 
v -0.0425 -0.0113718 0.00383162 
v -0.0425 -0.0108909 0.00503867 
v -0.0425 -0.0102823 0.00618665 
v -0.0425 -0.00955312 0.00726209 
v -0.0425 -0.00871195 0.00825239 
v -0.0425 -0.00776864 0.00914594 
v -0.0425 -0.00673424 0.00993227 
v -0.0425 -0.0056209 0.0106021 
v -0.0425 -0.00444166 0.0111477 
v -0.0425 -0.00321034 0.0115626 
v -0.0425 -0.00194138 0.0118419 
v -0.0425 -0.000649667 0.0119824 
v -0.0425 0.000649667 0.0119824 
v -0.0425 0.00194138 0.0118419 
v -0.0425 0.00321034 0.0115626 
v -0.0425 0.00444166 0.0111477 
v -0.0425 0.0056209 0.0106021 
v -0.0425 0.00673424 0.00993227 
v -0.0425 0.00776864 0.00914594 
v -0.0425 0.00871195 0.00825239 
v -0.0425 0.00955312 0.00726209 
v -0.0425 0.0102823 0.00618665 
v -0.0425 0.0108909 0.00503867 
v -0.0425 0.0113718 0.00383162 
v -0.0425 0.0117194 0.00257965 
v -0.0425 0.0119297 0.00129743 
vn 0 -0.994138 -0.108119 
vn 0 -1 -2.44929e-16 
vn 0 -0.976621 -0.21497 
vn 0 -0.994138 -0.108119 
vn 0 -0.947653 -0.319302 
vn 0 -0.976621 -0.21497 
vn 0 -0.907575 -0.419889 
vn 0 -0.947653 -0.319302 
vn 0 -0.856857 -0.515554 
vn 0 -0.907575 -0.419889 
vn 0 -0.796093 -0.605174 
vn 0 -0.856857 -0.515554 
vn 0 -0.725995 -0.687699 
vn 0 -0.796093 -0.605174 
vn 0 -0.647386 -0.762162 
vn 0 -0.725995 -0.687699 
vn 0 -0.561187 -0.827689 
vn 0 -0.647386 -0.762162 
vn 0 -0.468408 -0.883512 
vn 0 -0.561187 -0.827689 
vn 0 -0.370138 -0.928977 
vn 0 -0.468408 -0.883512 
vn 0 -0.267528 -0.96355 
vn 0 -0.370138 -0.928977 
vn 0 -0.161782 -0.986827 
vn 0 -0.267528 -0.96355 
vn 0 -0.0541389 -0.998533 
vn 0 -0.161782 -0.986827 
vn 0 0.0541389 -0.998533 
vn 0 -0.0541389 -0.998533 
vn 0 0.161782 -0.986827 
vn 0 0.0541389 -0.998533 
vn 0 0.267528 -0.96355 
vn 0 0.161782 -0.986827 
vn 0 0.370138 -0.928977 
vn 0 0.267528 -0.96355 
vn 0 0.468408 -0.883512 
vn 0 0.370138 -0.928977 
vn 0 0.561187 -0.827689 
vn 0 0.468408 -0.883512 
vn 0 0.647386 -0.762162 
vn 0 0.561187 -0.827689 
vn 0 0.725995 -0.687699 
vn 0 0.647386 -0.762162 
vn 0 0.796093 -0.605174 
vn 0 0.725995 -0.687699 
vn 0 0.856857 -0.515554 
vn 0 0.796093 -0.605174 
vn 0 0.907575 -0.419889 
vn 0 0.856857 -0.515554 
vn 0 0.947653 -0.319302 
vn 0 0.907575 -0.419889 
vn 0 0.976621 -0.21497 
vn 0 0.947653 -0.319302 
vn 0 0.994138 -0.108119 
vn 0 0.976621 -0.21497 
vn 0 1 1.22465e-16 
vn 0 0.994138 -0.108119 
vn 0 0.994138 0.108119 
vn 0 1 1.22465e-16 
vn 0 0.976621 0.21497 
vn 0 0.994138 0.108119 
vn 0 0.947653 0.319302 
vn 0 0.976621 0.21497 
vn 0 0.907575 0.419889 
vn 0 0.947653 0.319302 
vn 0 0.856857 0.515554 
vn 0 0.907575 0.419889 
vn 0 0.796093 0.605174 
vn 0 0.856857 0.515554 
vn 0 0.725995 0.687699 
vn 0 0.796093 0.605174 
vn 0 0.647386 0.762162 
vn 0 0.725995 0.687699 
vn 0 0.561187 0.827689 
vn 0 0.647386 0.762162 
vn 0 0.468408 0.883512 
vn 0 0.561187 0.827689 
vn 0 0.370138 0.928977 
vn 0 0.468408 0.883512 
vn 0 0.267528 0.96355 
vn 0 0.370138 0.928977 
vn 0 0.161782 0.986827 
vn 0 0.267528 0.96355 
vn 0 0.0541389 0.998533 
vn 0 0.161782 0.986827 
vn 0 -0.0541389 0.998533 
vn 0 0.0541389 0.998533 
vn 0 -0.161782 0.986827 
vn 0 -0.0541389 0.998533 
vn 0 -0.267528 0.96355 
vn 0 -0.161782 0.986827 
vn 0 -0.370138 0.928977 
vn 0 -0.267528 0.96355 
vn 0 -0.468408 0.883512 
vn 0 -0.370138 0.928977 
vn 0 -0.561187 0.827689 
vn 0 -0.468408 0.883512 
vn 0 -0.647386 0.762162 
vn 0 -0.561187 0.827689 
vn 0 -0.725995 0.687699 
vn 0 -0.647386 0.762162 
vn 0 -0.796093 0.605174 
vn 0 -0.725995 0.687699 
vn 0 -0.856857 0.515554 
vn 0 -0.796093 0.605174 
vn 0 -0.907575 0.419889 
vn 0 -0.856857 0.515554 
vn 0 -0.947653 0.319302 
vn 0 -0.907575 0.419889 
vn 0 -0.976621 0.21497 
vn 0 -0.947653 0.319302 
vn 0 -0.994138 0.108119 
vn 0 -0.976621 0.21497 
vn 1 0 0 
vn 0 1 0 
vn 0 0.994138 -0.108119 
vn 0 0.976621 -0.21497 
vn 0 0.947653 -0.319302 
vn 0 0.907575 -0.419889 
vn 0 0.856857 -0.515554 
vn 0 0.796093 -0.605174 
vn 0 0.725995 -0.687699 
vn 0 0.647386 -0.762162 
vn 0 0.561187 -0.827689 
vn 0 0.468408 -0.883512 
vn 0 0.370138 -0.928977 
vn 0 0.267528 -0.96355 
vn 0 0.161782 -0.986827 
vn 0 0.0541389 -0.998533 
vn 0 -0.0541389 -0.998533 
vn 0 -0.161782 -0.986827 
vn 0 -0.267528 -0.96355 
vn 0 -0.370138 -0.928977 
vn 0 -0.468408 -0.883512 
vn 0 -0.561187 -0.827689 
vn 0 -0.647386 -0.762162 
vn 0 -0.725995 -0.687699 
vn 0 -0.796093 -0.605174 
vn 0 -0.856857 -0.515554 
vn 0 -0.907575 -0.419889 
vn 0 -0.947653 -0.319302 
vn 0 -0.976621 -0.21497 
vn 0 -0.994138 -0.108119 
vn 0 -1 -1.22465e-16 
vn 0 -0.994138 0.108119 
vn 0 -0.976621 0.21497 
vn 0 -0.947653 0.319302 
vn 0 -0.907575 0.419889 
vn 0 -0.856857 0.515554 
vn 0 -0.796093 0.605174 
vn 0 -0.725995 0.687699 
vn 0 -0.647386 0.762162 
vn 0 -0.561187 0.827689 
vn 0 -0.468408 0.883512 
vn 0 -0.370138 0.928977 
vn 0 -0.267528 0.96355 
vn 0 -0.161782 0.986827 
vn 0 -0.0541389 0.998533 
vn 0 0.0541389 0.998533 
vn 0 0.161782 0.986827 
vn 0 0.267528 0.96355 
vn 0 0.370138 0.928977 
vn 0 0.468408 0.883512 
vn 0 0.561187 0.827689 
vn 0 0.647386 0.762162 
vn 0 0.725995 0.687699 
vn 0 0.796093 0.605174 
vn 0 0.856857 0.515554 
vn 0 0.907575 0.419889 
vn 0 0.947653 0.319302 
vn 0 0.976621 0.21497 
vn 0 0.994138 0.108119 
vn -1 0 0 
v -0.0203 0.00149121 0.000162179 
v -0.0203 0.00146493 0.000322456 
v -0.0203 0.00142148 0.000478952 
v -0.0203 0.00136136 0.000629834 
v -0.0203 0.00128529 0.000773331 
v -0.0203 0.00119414 0.000907761 
v -0.0203 0.00108899 0.00103155 
v -0.0203 0.000971079 0.00114324 
v -0.0203 0.000841781 0.00124153 
v -0.0203 0.000702613 0.00132527 
v -0.0203 0.000555207 0.00139347 
v -0.0203 0.000401293 0.00144532 
v -0.0203 0.000242673 0.00148024 
v -0.0203 8.12084e-05 0.0014978 
v -0.0203 -8.12084e-05 0.0014978 
v -0.0203 -0.000242673 0.00148024 
v -0.0203 -0.000401293 0.00144532 
v -0.0203 -0.000555207 0.00139347 
v -0.0203 -0.000702613 0.00132527 
v -0.0203 -0.000841781 0.00124153 
v -0.0203 -0.000971079 0.00114324 
v -0.0203 -0.00108899 0.00103155 
v -0.0203 -0.00119414 0.000907761 
v -0.0203 -0.00128529 0.000773331 
v -0.0203 -0.00136136 0.000629834 
v -0.0203 -0.00142148 0.000478952 
v -0.0203 -0.00146493 0.000322456 
v -0.0203 -0.00149121 0.000162179 
v -0.0203 -0.0015 1.14857e-18 
v -0.0203 -0.00149121 -0.000162179 
v -0.0203 -0.00146493 -0.000322456 
v -0.0203 -0.00142148 -0.000478952 
v -0.0203 -0.00136136 -0.000629834 
v -0.0203 -0.00128529 -0.000773331 
v -0.0203 -0.00119414 -0.000907761 
v -0.0203 -0.00108899 -0.00103155 
v -0.0203 -0.000971079 -0.00114324 
v -0.0203 -0.000841781 -0.00124153 
v -0.0203 -0.000702613 -0.00132527 
v -0.0203 -0.000555207 -0.00139347 
v -0.0203 -0.000401293 -0.00144532 
v -0.0203 -0.000242673 -0.00148024 
v -0.0203 -8.12084e-05 -0.0014978 
v -0.0203 8.12084e-05 -0.0014978 
v -0.0203 0.000242673 -0.00148024 
v -0.0203 0.000401293 -0.00144532 
v -0.0203 0.000555207 -0.00139347 
v -0.0203 0.000702613 -0.00132527 
v -0.0203 0.000841781 -0.00124153 
v -0.0203 0.000971079 -0.00114324 
v -0.0203 0.00108899 -0.00103155 
v -0.0203 0.00119414 -0.000907761 
v -0.0203 0.00128529 -0.000773331 
v -0.0203 0.00136136 -0.000629834 
v -0.0203 0.00142148 -0.000478952 
v -0.0203 0.00146493 -0.000322456 
v -0.0203 0.00149121 -0.000162179 
v -0.0203 0.0015 3.67394e-19 
v -0.0203 3.36103e-18 0 
v -0.0405 0.0035 0 
v -0.0405 0.00347948 -0.000378417 
v -0.0405 0.00341817 -0.000752397 
v -0.0405 0.00331679 -0.00111756 
v -0.0405 0.00317651 -0.00146961 
v -0.0405 0.002999 -0.00180444 
v -0.0405 0.00278633 -0.00211811 
v -0.0405 0.00254098 -0.00240695 
v -0.0405 0.00226585 -0.00266757 
v -0.0405 0.00196415 -0.00289691 
v -0.0405 0.00163943 -0.00309229 
v -0.0405 0.00129548 -0.00325142 
v -0.0405 0.000936349 -0.00337242 
v -0.0405 0.000566237 -0.00345389 
v -0.0405 0.000189486 -0.00349487 
v -0.0405 -0.000189486 -0.00349487 
v -0.0405 -0.000566237 -0.00345389 
v -0.0405 -0.000936349 -0.00337242 
v -0.0405 -0.00129548 -0.00325142 
v -0.0405 -0.00163943 -0.00309229 
v -0.0405 -0.00196415 -0.00289691 
v -0.0405 -0.00226585 -0.00266757 
v -0.0405 -0.00254098 -0.00240695 
v -0.0405 -0.00278633 -0.00211811 
v -0.0405 -0.002999 -0.00180444 
v -0.0405 -0.00317651 -0.00146961 
v -0.0405 -0.00331679 -0.00111756 
v -0.0405 -0.00341817 -0.000752397 
v -0.0405 -0.00347948 -0.000378417 
v -0.0405 -0.0035 2.68e-18 
v -0.0405 -0.00347948 0.000378417 
v -0.0405 -0.00341817 0.000752397 
v -0.0405 -0.00331679 0.00111756 
v -0.0405 -0.00317651 0.00146961 
v -0.0405 -0.002999 0.00180444 
v -0.0405 -0.00278633 0.00211811 
v -0.0405 -0.00254098 0.00240695 
v -0.0405 -0.00226585 0.00266757 
v -0.0405 -0.00196415 0.00289691 
v -0.0405 -0.00163943 0.00309229 
v -0.0405 -0.00129548 0.00325142 
v -0.0405 -0.000936349 0.00337242 
v -0.0405 -0.000566237 0.00345389 
v -0.0405 -0.000189486 0.00349487 
v -0.0405 0.000189486 0.00349487 
v -0.0405 0.000566237 0.00345389 
v -0.0405 0.000936349 0.00337242 
v -0.0405 0.00129548 0.00325142 
v -0.0405 0.00163943 0.00309229 
v -0.0405 0.00196415 0.00289691 
v -0.0405 0.00226585 0.00266757 
v -0.0405 0.00254098 0.00240695 
v -0.0405 0.00278633 0.00211811 
v -0.0405 0.002999 0.00180444 
v -0.0405 0.00317651 0.00146961 
v -0.0405 0.00331679 0.00111756 
v -0.0405 0.00341817 0.000752397 
v -0.0405 0.00347948 0.000378417 
v -0.109537 0.000786788 -8.55683e-05 
v -0.120167 0.000223854 -2.43456e-05 
v -0.120167 0.000225174 0 
v -0.109537 0.000772924 -0.000170133 
v -0.120167 0.00021991 -4.84058e-05 
v -0.109537 0.000749999 -0.000252704 
v -0.120167 0.000213387 -7.18985e-05 
v -0.109537 0.00071828 -0.000332312 
v -0.120167 0.000204363 -9.45482e-05 
v -0.109537 0.00067814 -0.000408023 
v -0.120167 0.000192942 -0.000116089 
v -0.109537 0.00063005 -0.000478951 
v -0.120167 0.00017926 -0.00013627 
v -0.109537 0.000574573 -0.000544264 
v -0.120167 0.000163476 -0.000154852 
v -0.109537 0.000512359 -0.000603196 
v -0.120167 0.000145775 -0.000171619 
v -0.109537 0.000444139 -0.000655056 
v -0.120167 0.000126365 -0.000186374 
v -0.109537 0.000370711 -0.000699236 
v -0.120167 0.000105474 -0.000198944 
v -0.109537 0.000292937 -0.000735218 
v -0.120167 8.33456e-05 -0.000209182 
v -0.109537 0.000211729 -0.00076258 
v -0.120167 6.02405e-05 -0.000216967 
v -0.109537 0.000128039 -0.000781001 
v -0.120167 3.64291e-05 -0.000222208 
v -0.109537 4.2847e-05 -0.000790267 
v -0.120167 1.21907e-05 -0.000224844 
v -0.109537 -4.2847e-05 -0.000790267 
v -0.120167 -1.21907e-05 -0.000224844 
v -0.109537 -0.000128039 -0.000781001 
v -0.120167 -3.64291e-05 -0.000222208 
v -0.109537 -0.000211729 -0.00076258 
v -0.120167 -6.02405e-05 -0.000216967 
v -0.109537 -0.000292937 -0.000735218 
v -0.120167 -8.33456e-05 -0.000209182 
v -0.109537 -0.000370711 -0.000699236 
v -0.120167 -0.000105474 -0.000198944 
v -0.109537 -0.000444139 -0.000655056 
v -0.120167 -0.000126365 -0.000186374 
v -0.109537 -0.000512359 -0.000603196 
v -0.120167 -0.000145775 -0.000171619 
v -0.109537 -0.000574573 -0.000544264 
v -0.120167 -0.000163476 -0.000154852 
v -0.109537 -0.00063005 -0.000478951 
v -0.120167 -0.00017926 -0.00013627 
v -0.109537 -0.00067814 -0.000408023 
v -0.120167 -0.000192942 -0.000116089 
v -0.109537 -0.00071828 -0.000332312 
v -0.120167 -0.000204363 -9.45482e-05 
v -0.109537 -0.000749999 -0.000252704 
v -0.120167 -0.000213387 -7.18985e-05 
v -0.109537 -0.000772924 -0.000170133 
v -0.120167 -0.00021991 -4.84058e-05 
v -0.109537 -0.000786788 -8.55683e-05 
v -0.120167 -0.000223854 -2.43456e-05 
v -0.109537 -0.000791427 1.64749e-19 
v -0.120167 -0.000225174 4.68738e-20 
v -0.109537 -0.000786788 8.55683e-05 
v -0.120167 -0.000223854 2.43456e-05 
v -0.109537 -0.000772924 0.000170133 
v -0.120167 -0.00021991 4.84058e-05 
v -0.109537 -0.000749999 0.000252704 
v -0.120167 -0.000213387 7.18985e-05 
v -0.109537 -0.00071828 0.000332312 
v -0.120167 -0.000204363 9.45482e-05 
v -0.109537 -0.00067814 0.000408023 
v -0.120167 -0.000192942 0.000116089 
v -0.109537 -0.00063005 0.000478951 
v -0.120167 -0.00017926 0.00013627 
v -0.109537 -0.000574573 0.000544264 
v -0.120167 -0.000163476 0.000154852 
v -0.109537 -0.000512359 0.000603196 
v -0.120167 -0.000145775 0.000171619 
v -0.109537 -0.000444139 0.000655056 
v -0.120167 -0.000126365 0.000186374 
v -0.109537 -0.000370711 0.000699236 
v -0.120167 -0.000105474 0.000198944 
v -0.109537 -0.000292937 0.000735218 
v -0.120167 -8.33456e-05 0.000209182 
v -0.109537 -0.000211729 0.00076258 
v -0.120167 -6.02405e-05 0.000216967 
v -0.109537 -0.000128039 0.000781001 
v -0.120167 -3.64291e-05 0.000222208 
v -0.109537 -4.2847e-05 0.000790267 
v -0.120167 -1.21907e-05 0.000224844 
v -0.109537 4.2847e-05 0.000790267 
v -0.120167 1.21907e-05 0.000224844 
v -0.109537 0.000128039 0.000781001 
v -0.120167 3.64291e-05 0.000222208 
v -0.109537 0.000211729 0.00076258 
v -0.120167 6.02405e-05 0.000216967 
v -0.109537 0.000292937 0.000735218 
v -0.120167 8.33456e-05 0.000209182 
v -0.109537 0.000370711 0.000699236 
v -0.120167 0.000105474 0.000198944 
v -0.109537 0.000444139 0.000655056 
v -0.120167 0.000126365 0.000186374 
v -0.109537 0.000512359 0.000603196 
v -0.120167 0.000145775 0.000171619 
v -0.109537 0.000574573 0.000544264 
v -0.120167 0.000163476 0.000154852 
v -0.109537 0.00063005 0.000478951 
v -0.120167 0.00017926 0.00013627 
v -0.109537 0.00067814 0.000408023 
v -0.120167 0.000192942 0.000116089 
v -0.109537 0.00071828 0.000332312 
v -0.120167 0.000204363 9.45482e-05 
v -0.109537 0.000749999 0.000252704 
v -0.120167 0.000213387 7.18985e-05 
v -0.109537 0.000772924 0.000170133 
v -0.120167 0.00021991 4.84058e-05 
v -0.109537 0.000786788 8.55683e-05 
v -0.120167 0.000223854 2.43456e-05 
v -0.109537 0.000791427 0 
v -0.0981768 0.00164563 -0.000178973 
v -0.0981768 0.00161663 -0.000355847 
v -0.0981768 0.00156868 -0.00052855 
v -0.0981768 0.00150234 -0.000695055 
v -0.0981768 0.00141838 -0.000853412 
v -0.0981768 0.0013178 -0.00100176 
v -0.0981768 0.00120176 -0.00113837 
v -0.0981768 0.00107164 -0.00126163 
v -0.0981768 0.00092895 -0.0013701 
v -0.0981768 0.000775371 -0.0014625 
v -0.0981768 0.000612701 -0.00153776 
v -0.0981768 0.000442848 -0.00159499 
v -0.0981768 0.000267803 -0.00163352 
v -0.0981768 8.96178e-05 -0.0016529 
v -0.0981768 -8.96178e-05 -0.0016529 
v -0.0981768 -0.000267803 -0.00163352 
v -0.0981768 -0.000442848 -0.00159499 
v -0.0981768 -0.000612701 -0.00153776 
v -0.0981768 -0.000775371 -0.0014625 
v -0.0981768 -0.00092895 -0.0013701 
v -0.0981768 -0.00107164 -0.00126163 
v -0.0981768 -0.00120176 -0.00113837 
v -0.0981768 -0.0013178 -0.00100176 
v -0.0981768 -0.00141838 -0.000853412 
v -0.0981768 -0.00150234 -0.000695055 
v -0.0981768 -0.00156868 -0.00052855 
v -0.0981768 -0.00161663 -0.000355847 
v -0.0981768 -0.00164563 -0.000178973 
v -0.0981768 -0.00165533 3.44585e-19 
v -0.0981768 -0.00164563 0.000178973 
v -0.0981768 -0.00161663 0.000355847 
v -0.0981768 -0.00156868 0.00052855 
v -0.0981768 -0.00150234 0.000695055 
v -0.0981768 -0.00141838 0.000853412 
v -0.0981768 -0.0013178 0.00100176 
v -0.0981768 -0.00120176 0.00113837 
v -0.0981768 -0.00107164 0.00126163 
v -0.0981768 -0.00092895 0.0013701 
v -0.0981768 -0.000775371 0.0014625 
v -0.0981768 -0.000612701 0.00153776 
v -0.0981768 -0.000442848 0.00159499 
v -0.0981768 -0.000267803 0.00163352 
v -0.0981768 -8.96178e-05 0.0016529 
v -0.0981768 8.96178e-05 0.0016529 
v -0.0981768 0.000267803 0.00163352 
v -0.0981768 0.000442848 0.00159499 
v -0.0981768 0.000612701 0.00153776 
v -0.0981768 0.000775371 0.0014625 
v -0.0981768 0.00092895 0.0013701 
v -0.0981768 0.00107164 0.00126163 
v -0.0981768 0.00120176 0.00113837 
v -0.0981768 0.0013178 0.00100176 
v -0.0981768 0.00141838 0.000853412 
v -0.0981768 0.00150234 0.000695055 
v -0.0981768 0.00156868 0.00052855 
v -0.0981768 0.00161663 0.000355847 
v -0.0981768 0.00164563 0.000178973 
v -0.0981768 0.00165533 0 
v -0.0850561 0.00286688 -0.000311792 
v -0.0850561 0.00281637 -0.000619929 
v -0.0850561 0.00273283 -0.000920798 
v -0.0850561 0.00261725 -0.00121087 
v -0.0850561 0.00247099 -0.00148675 
v -0.0850561 0.00229576 -0.00174519 
v -0.0850561 0.00209362 -0.00198318 
v -0.0850561 0.00186692 -0.00219791 
v -0.0850561 0.00161834 -0.00238688 
v -0.0850561 0.00135079 -0.00254786 
v -0.0850561 0.0010674 -0.00267897 
v -0.0850561 0.000771495 -0.00277867 
v -0.0850561 0.000466545 -0.0028458 
v -0.0850561 0.000156125 -0.00287956 
v -0.0850561 -0.000156125 -0.00287956 
v -0.0850561 -0.000466545 -0.0028458 
v -0.0850561 -0.000771495 -0.00277867 
v -0.0850561 -0.0010674 -0.00267897 
v -0.0850561 -0.00135079 -0.00254786 
v -0.0850561 -0.00161834 -0.00238688 
v -0.0850561 -0.00186692 -0.00219791 
v -0.0850561 -0.00209362 -0.00198318 
v -0.0850561 -0.00229576 -0.00174519 
v -0.0850561 -0.00247099 -0.00148675 
v -0.0850561 -0.00261725 -0.00121087 
v -0.0850561 -0.00273283 -0.000920798 
v -0.0850561 -0.00281637 -0.000619929 
v -0.0850561 -0.00286688 -0.000311792 
v -0.0850561 -0.00288379 6.00309e-19 
v -0.0850561 -0.00286688 0.000311792 
v -0.0850561 -0.00281637 0.000619929 
v -0.0850561 -0.00273283 0.000920798 
v -0.0850561 -0.00261725 0.00121087 
v -0.0850561 -0.00247099 0.00148675 
v -0.0850561 -0.00229576 0.00174519 
v -0.0850561 -0.00209362 0.00198318 
v -0.0850561 -0.00186692 0.00219791 
v -0.0850561 -0.00161834 0.00238688 
v -0.0850561 -0.00135079 0.00254786 
v -0.0850561 -0.0010674 0.00267897 
v -0.0850561 -0.000771495 0.00277867 
v -0.0850561 -0.000466545 0.0028458 
v -0.0850561 -0.000156125 0.00287956 
v -0.0850561 0.000156125 0.00287956 
v -0.0850561 0.000466545 0.0028458 
v -0.0850561 0.000771495 0.00277867 
v -0.0850561 0.0010674 0.00267897 
v -0.0850561 0.00135079 0.00254786 
v -0.0850561 0.00161834 0.00238688 
v -0.0850561 0.00186692 0.00219791 
v -0.0850561 0.00209362 0.00198318 
v -0.0850561 0.00229576 0.00174519 
v -0.0850561 0.00247099 0.00148675 
v -0.0850561 0.00261725 0.00121087 
v -0.0850561 0.00273283 0.000920798 
v -0.0850561 0.00281637 0.000619929 
v -0.0850561 0.00286688 0.000311792 
v -0.0850561 0.00288379 0 
v -0.0698933 0.00433366 -0.000471314 
v -0.0698933 0.0042573 -0.000937103 
v -0.0698933 0.00413103 -0.0013919 
v -0.0698933 0.00395632 -0.00183039 
v -0.0698933 0.00373523 -0.00224741 
v -0.0698933 0.00347034 -0.00263809 
v -0.0698933 0.00316477 -0.00299783 
v -0.0698933 0.0028221 -0.00332243 
v -0.0698933 0.00244634 -0.00360808 
v -0.0698933 0.00204189 -0.00385142 
v -0.0698933 0.00161351 -0.00404961 
v -0.0698933 0.00116621 -0.00420032 
v -0.0698933 0.000705243 -0.00430179 
v -0.0698933 0.000236003 -0.00435282 
v -0.0698933 -0.000236003 -0.00435282 
v -0.0698933 -0.000705243 -0.00430179 
v -0.0698933 -0.00116621 -0.00420032 
v -0.0698933 -0.00161351 -0.00404961 
v -0.0698933 -0.00204189 -0.00385142 
v -0.0698933 -0.00244634 -0.00360808 
v -0.0698933 -0.0028221 -0.00332243 
v -0.0698933 -0.00316477 -0.00299783 
v -0.0698933 -0.00347034 -0.00263809 
v -0.0698933 -0.00373523 -0.00224741 
v -0.0698933 -0.00395632 -0.00183039 
v -0.0698933 -0.00413103 -0.0013919 
v -0.0698933 -0.0042573 -0.000937103 
v -0.0698933 -0.00433366 -0.000471314 
v -0.0698933 -0.00435922 9.07444e-19 
v -0.0698933 -0.00433366 0.000471314 
v -0.0698933 -0.0042573 0.000937103 
v -0.0698933 -0.00413103 0.0013919 
v -0.0698933 -0.00395632 0.00183039 
v -0.0698933 -0.00373523 0.00224741 
v -0.0698933 -0.00347034 0.00263809 
v -0.0698933 -0.00316477 0.00299783 
v -0.0698933 -0.0028221 0.00332243 
v -0.0698933 -0.00244634 0.00360808 
v -0.0698933 -0.00204189 0.00385142 
v -0.0698933 -0.00161351 0.00404961 
v -0.0698933 -0.00116621 0.00420032 
v -0.0698933 -0.000705243 0.00430179 
v -0.0698933 -0.000236003 0.00435282 
v -0.0698933 0.000236003 0.00435282 
v -0.0698933 0.000705243 0.00430179 
v -0.0698933 0.00116621 0.00420032 
v -0.0698933 0.00161351 0.00404961 
v -0.0698933 0.00204189 0.00385142 
v -0.0698933 0.00244634 0.00360808 
v -0.0698933 0.0028221 0.00332243 
v -0.0698933 0.00316477 0.00299783 
v -0.0698933 0.00347034 0.00263809 
v -0.0698933 0.00373523 0.00224741 
v -0.0698933 0.00395632 0.00183039 
v -0.0698933 0.00413103 0.0013919 
v -0.0698933 0.0042573 0.000937103 
v -0.0698933 0.00433366 0.000471314 
v -0.0698933 0.00435922 0 
v -0.0622748 0.00488504 -0.00053128 
v -0.0622748 0.00479896 -0.00105633 
v -0.0622748 0.00465662 -0.001569 
v -0.0622748 0.00445969 -0.00206327 
v -0.0622748 0.00421047 -0.00253335 
v -0.0622748 0.00391188 -0.00297373 
v -0.0622748 0.00356743 -0.00337925 
v -0.0622748 0.00318116 -0.00374515 
v -0.0622748 0.00275759 -0.00406714 
v -0.0622748 0.00230169 -0.00434144 
v -0.0622748 0.0018188 -0.00456485 
v -0.0622748 0.00131459 -0.00473474 
v -0.0622748 0.000794972 -0.00484911 
v -0.0622748 0.00026603 -0.00490664 
v -0.0622748 -0.00026603 -0.00490664 
v -0.0622748 -0.000794972 -0.00484911 
v -0.0622748 -0.00131459 -0.00473474 
v -0.0622748 -0.0018188 -0.00456485 
v -0.0622748 -0.00230169 -0.00434144 
v -0.0622748 -0.00275759 -0.00406714 
v -0.0622748 -0.00318116 -0.00374515 
v -0.0622748 -0.00356743 -0.00337925 
v -0.0622748 -0.00391188 -0.00297373 
v -0.0622748 -0.00421047 -0.00253335 
v -0.0622748 -0.00445969 -0.00206327 
v -0.0622748 -0.00465662 -0.001569 
v -0.0622748 -0.00479896 -0.00105633 
v -0.0622748 -0.00488504 -0.00053128 
v -0.0622748 -0.00491385 1.0229e-18 
v -0.0622748 -0.00488504 0.00053128 
v -0.0622748 -0.00479896 0.00105633 
v -0.0622748 -0.00465662 0.001569 
v -0.0622748 -0.00445969 0.00206327 
v -0.0622748 -0.00421047 0.00253335 
v -0.0622748 -0.00391188 0.00297373 
v -0.0622748 -0.00356743 0.00337925 
v -0.0622748 -0.00318116 0.00374515 
v -0.0622748 -0.00275759 0.00406714 
v -0.0622748 -0.00230169 0.00434144 
v -0.0622748 -0.0018188 0.00456485 
v -0.0622748 -0.00131459 0.00473474 
v -0.0622748 -0.000794972 0.00484911 
v -0.0622748 -0.00026603 0.00490664 
v -0.0622748 0.00026603 0.00490664 
v -0.0622748 0.000794972 0.00484911 
v -0.0622748 0.00131459 0.00473474 
v -0.0622748 0.0018188 0.00456485 
v -0.0622748 0.00230169 0.00434144 
v -0.0622748 0.00275759 0.00406714 
v -0.0622748 0.00318116 0.00374515 
v -0.0622748 0.00356743 0.00337925 
v -0.0622748 0.00391188 0.00297373 
v -0.0622748 0.00421047 0.00253335 
v -0.0622748 0.00445969 0.00206327 
v -0.0622748 0.00465662 0.001569 
v -0.0622748 0.00479896 0.00105633 
v -0.0622748 0.00488504 0.00053128 
v -0.0622748 0.00491385 0 
v -0.0564413 0.00505661 -0.00054994 
v -0.0564413 0.00496751 -0.00109343 
v -0.0564413 0.00482017 -0.00162411 
v -0.0564413 0.00461632 -0.00213574 
v -0.0564413 0.00435835 -0.00262233 
v -0.0564413 0.00404927 -0.00307818 
v -0.0564413 0.00369273 -0.00349794 
v -0.0564413 0.00329289 -0.00387669 
v -0.0564413 0.00285444 -0.00420998 
v -0.0564413 0.00238253 -0.00449392 
v -0.0564413 0.00188268 -0.00472518 
v -0.0564413 0.00136076 -0.00490103 
v -0.0564413 0.000822893 -0.00501943 
v -0.0564413 0.000275374 -0.00507897 
v -0.0564413 -0.000275374 -0.00507897 
v -0.0564413 -0.000822893 -0.00501943 
v -0.0564413 -0.00136076 -0.00490103 
v -0.0564413 -0.00188268 -0.00472518 
v -0.0564413 -0.00238253 -0.00449392 
v -0.0564413 -0.00285444 -0.00420998 
v -0.0564413 -0.00329289 -0.00387669 
v -0.0564413 -0.00369273 -0.00349794 
v -0.0564413 -0.00404927 -0.00307818 
v -0.0564413 -0.00435835 -0.00262233 
v -0.0564413 -0.00461632 -0.00213574 
v -0.0564413 -0.00482017 -0.00162411 
v -0.0564413 -0.00496751 -0.00109343 
v -0.0564413 -0.00505661 -0.00054994 
v -0.0564413 -0.00508643 1.05883e-18 
v -0.0564413 -0.00505661 0.00054994 
v -0.0564413 -0.00496751 0.00109343 
v -0.0564413 -0.00482017 0.00162411 
v -0.0564413 -0.00461632 0.00213574 
v -0.0564413 -0.00435835 0.00262233 
v -0.0564413 -0.00404927 0.00307818 
v -0.0564413 -0.00369273 0.00349794 
v -0.0564413 -0.00329289 0.00387669 
v -0.0564413 -0.00285444 0.00420998 
v -0.0564413 -0.00238253 0.00449392 
v -0.0564413 -0.00188268 0.00472518 
v -0.0564413 -0.00136076 0.00490103 
v -0.0564413 -0.000822893 0.00501943 
v -0.0564413 -0.000275374 0.00507897 
v -0.0564413 0.000275374 0.00507897 
v -0.0564413 0.000822893 0.00501943 
v -0.0564413 0.00136076 0.00490103 
v -0.0564413 0.00188268 0.00472518 
v -0.0564413 0.00238253 0.00449392 
v -0.0564413 0.00285444 0.00420998 
v -0.0564413 0.00329289 0.00387669 
v -0.0564413 0.00369273 0.00349794 
v -0.0564413 0.00404927 0.00307818 
v -0.0564413 0.00435835 0.00262233 
v -0.0564413 0.00461632 0.00213574 
v -0.0564413 0.00482017 0.00162411 
v -0.0564413 0.00496751 0.00109343 
v -0.0564413 0.00505661 0.00054994 
v -0.0564413 0.00508643 0 
v -0.0513676 0.00496334 -0.000539795 
v -0.0513676 0.00487588 -0.00107326 
v -0.0513676 0.00473126 -0.00159415 
v -0.0513676 0.00453116 -0.00209634 
v -0.0513676 0.00427795 -0.00257396 
v -0.0513676 0.00397458 -0.00302139 
v -0.0513676 0.00362461 -0.00343341 
v -0.0513676 0.00323214 -0.00380517 
v -0.0513676 0.00280178 -0.00413232 
v -0.0513676 0.00233858 -0.00441102 
v -0.0513676 0.00184795 -0.00463801 
v -0.0513676 0.00133566 -0.00481062 
v -0.0513676 0.000807713 -0.00492683 
v -0.0513676 0.000270294 -0.00498528 
v -0.0513676 -0.000270294 -0.00498528 
v -0.0513676 -0.000807713 -0.00492683 
v -0.0513676 -0.00133566 -0.00481062 
v -0.0513676 -0.00184795 -0.00463801 
v -0.0513676 -0.00233858 -0.00441102 
v -0.0513676 -0.00280178 -0.00413232 
v -0.0513676 -0.00323214 -0.00380517 
v -0.0513676 -0.00362461 -0.00343341 
v -0.0513676 -0.00397458 -0.00302139 
v -0.0513676 -0.00427795 -0.00257396 
v -0.0513676 -0.00453116 -0.00209634 
v -0.0513676 -0.00473126 -0.00159415 
v -0.0513676 -0.00487588 -0.00107326 
v -0.0513676 -0.00496334 -0.000539795 
v -0.0513676 -0.0049926 1.03929e-18 
v -0.0513676 -0.00496334 0.000539795 
v -0.0513676 -0.00487588 0.00107326 
v -0.0513676 -0.00473126 0.00159415 
v -0.0513676 -0.00453116 0.00209634 
v -0.0513676 -0.00427795 0.00257396 
v -0.0513676 -0.00397458 0.00302139 
v -0.0513676 -0.00362461 0.00343341 
v -0.0513676 -0.00323214 0.00380517 
v -0.0513676 -0.00280178 0.00413232 
v -0.0513676 -0.00233858 0.00441102 
v -0.0513676 -0.00184795 0.00463801 
v -0.0513676 -0.00133566 0.00481062 
v -0.0513676 -0.000807713 0.00492683 
v -0.0513676 -0.000270294 0.00498528 
v -0.0513676 0.000270294 0.00498528 
v -0.0513676 0.000807713 0.00492683 
v -0.0513676 0.00133566 0.00481062 
v -0.0513676 0.00184795 0.00463801 
v -0.0513676 0.00233858 0.00441102 
v -0.0513676 0.00280178 0.00413232 
v -0.0513676 0.00323214 0.00380517 
v -0.0513676 0.00362461 0.00343341 
v -0.0513676 0.00397458 0.00302139 
v -0.0513676 0.00427795 0.00257396 
v -0.0513676 0.00453116 0.00209634 
v -0.0513676 0.00473126 0.00159415 
v -0.0513676 0.00487588 0.00107326 
v -0.0513676 0.00496334 0.000539795 
v -0.0513676 0.0049926 0 
v -0.0462964 0.00462507 -0.000503007 
v -0.0462964 0.00454357 -0.00100012 
v -0.0462964 0.00440881 -0.0014855 
v -0.0462964 0.00422235 -0.00195347 
v -0.0462964 0.00398639 -0.00239853 
v -0.0462964 0.0037037 -0.00281548 
v -0.0462964 0.00337758 -0.00319941 
v -0.0462964 0.00301186 -0.00354584 
v -0.0462964 0.00261084 -0.00385069 
v -0.0462964 0.0021792 -0.0041104 
v -0.0462964 0.00172201 -0.00432192 
v -0.0462964 0.00124463 -0.00448277 
v -0.0462964 0.000752665 -0.00459106 
v -0.0462964 0.000251873 -0.00464552 
v -0.0462964 -0.000251873 -0.00464552 
v -0.0462964 -0.000752665 -0.00459106 
v -0.0462964 -0.00124463 -0.00448277 
v -0.0462964 -0.00172201 -0.00432192 
v -0.0462964 -0.0021792 -0.0041104 
v -0.0462964 -0.00261084 -0.00385069 
v -0.0462964 -0.00301186 -0.00354584 
v -0.0462964 -0.00337758 -0.00319941 
v -0.0462964 -0.0037037 -0.00281548 
v -0.0462964 -0.00398639 -0.00239853 
v -0.0462964 -0.00422235 -0.00195347 
v -0.0462964 -0.00440881 -0.0014855 
v -0.0462964 -0.00454357 -0.00100012 
v -0.0462964 -0.00462507 -0.000503007 
v -0.0462964 -0.00465234 9.68464e-19 
v -0.0462964 -0.00462507 0.000503007 
v -0.0462964 -0.00454357 0.00100012 
v -0.0462964 -0.00440881 0.0014855 
v -0.0462964 -0.00422235 0.00195347 
v -0.0462964 -0.00398639 0.00239853 
v -0.0462964 -0.0037037 0.00281548 
v -0.0462964 -0.00337758 0.00319941 
v -0.0462964 -0.00301186 0.00354584 
v -0.0462964 -0.00261084 0.00385069 
v -0.0462964 -0.0021792 0.0041104 
v -0.0462964 -0.00172201 0.00432192 
v -0.0462964 -0.00124463 0.00448277 
v -0.0462964 -0.000752665 0.00459106 
v -0.0462964 -0.000251873 0.00464552 
v -0.0462964 0.000251873 0.00464552 
v -0.0462964 0.000752665 0.00459106 
v -0.0462964 0.00124463 0.00448277 
v -0.0462964 0.00172201 0.00432192 
v -0.0462964 0.0021792 0.0041104 
v -0.0462964 0.00261084 0.00385069 
v -0.0462964 0.00301186 0.00354584 
v -0.0462964 0.00337758 0.00319941 
v -0.0462964 0.0037037 0.00281548 
v -0.0462964 0.00398639 0.00239853 
v -0.0462964 0.00422235 0.00195347 
v -0.0462964 0.00440881 0.0014855 
v -0.0462964 0.00454357 0.00100012 
v -0.0462964 0.00462507 0.000503007 
v -0.0462964 0.00465234 0 
v -0.0431798 0.00423607 -0.000460701 
v -0.0431798 0.00416143 -0.000916 
v -0.0431798 0.004038 -0.00136056 
v -0.0431798 0.00386723 -0.00178917 
v -0.0431798 0.00365111 -0.0021968 
v -0.0431798 0.00339219 -0.00257868 
v -0.0431798 0.0030935 -0.00293032 
v -0.0431798 0.00275855 -0.00324761 
v -0.0431798 0.00239125 -0.00352683 
v -0.0431798 0.00199591 -0.00376469 
v -0.0431798 0.00157718 -0.00395842 
v -0.0431798 0.00113995 -0.00410574 
v -0.0431798 0.000689362 -0.00420492 
v -0.0431798 0.000230689 -0.0042548 
v -0.0431798 -0.000230689 -0.0042548 
v -0.0431798 -0.000689362 -0.00420492 
v -0.0431798 -0.00113995 -0.00410574 
v -0.0431798 -0.00157718 -0.00395842 
v -0.0431798 -0.00199591 -0.00376469 
v -0.0431798 -0.00239125 -0.00352683 
v -0.0431798 -0.00275855 -0.00324761 
v -0.0431798 -0.0030935 -0.00293032 
v -0.0431798 -0.00339219 -0.00257868 
v -0.0431798 -0.00365111 -0.0021968 
v -0.0431798 -0.00386723 -0.00178917 
v -0.0431798 -0.004038 -0.00136056 
v -0.0431798 -0.00416143 -0.000916 
v -0.0431798 -0.00423607 -0.000460701 
v -0.0431798 -0.00426105 8.8701e-19 
v -0.0431798 -0.00423607 0.000460701 
v -0.0431798 -0.00416143 0.000916 
v -0.0431798 -0.004038 0.00136056 
v -0.0431798 -0.00386723 0.00178917 
v -0.0431798 -0.00365111 0.0021968 
v -0.0431798 -0.00339219 0.00257868 
v -0.0431798 -0.0030935 0.00293032 
v -0.0431798 -0.00275855 0.00324761 
v -0.0431798 -0.00239125 0.00352683 
v -0.0431798 -0.00199591 0.00376469 
v -0.0431798 -0.00157718 0.00395842 
v -0.0431798 -0.00113995 0.00410574 
v -0.0431798 -0.000689362 0.00420492 
v -0.0431798 -0.000230689 0.0042548 
v -0.0431798 0.000230689 0.0042548 
v -0.0431798 0.000689362 0.00420492 
v -0.0431798 0.00113995 0.00410574 
v -0.0431798 0.00157718 0.00395842 
v -0.0431798 0.00199591 0.00376469 
v -0.0431798 0.00239125 0.00352683 
v -0.0431798 0.00275855 0.00324761 
v -0.0431798 0.0030935 0.00293032 
v -0.0431798 0.00339219 0.00257868 
v -0.0431798 0.00365111 0.0021968 
v -0.0431798 0.00386723 0.00178917 
v -0.0431798 0.004038 0.00136056 
v -0.0431798 0.00416143 0.000916 
v -0.0431798 0.00423607 0.000460701 
v -0.0431798 0.00426105 0 
v -0.0418561 0.00393584 -0.000428048 
v -0.0418561 0.00386648 -0.000851078 
v -0.0418561 0.0037518 -0.00126413 
v -0.0418561 0.00359313 -0.00166236 
v -0.0418561 0.00339234 -0.0020411 
v -0.0418561 0.00315177 -0.00239591 
v -0.0418561 0.00287425 -0.00272263 
v -0.0418561 0.00256303 -0.00301743 
v -0.0418561 0.00222176 -0.00327686 
v -0.0418561 0.00185445 -0.00349786 
v -0.0418561 0.00146539 -0.00367786 
v -0.0418561 0.00105916 -0.00381474 
v -0.0418561 0.000640502 -0.00390689 
v -0.0418561 0.000214338 -0.00395324 
v -0.0418561 -0.000214338 -0.00395324 
v -0.0418561 -0.000640502 -0.00390689 
v -0.0418561 -0.00105916 -0.00381474 
v -0.0418561 -0.00146539 -0.00367786 
v -0.0418561 -0.00185445 -0.00349786 
v -0.0418561 -0.00222176 -0.00327686 
v -0.0418561 -0.00256303 -0.00301743 
v -0.0418561 -0.00287425 -0.00272263 
v -0.0418561 -0.00315177 -0.00239591 
v -0.0418561 -0.00339234 -0.0020411 
v -0.0418561 -0.00359313 -0.00166236 
v -0.0418561 -0.0037518 -0.00126413 
v -0.0418561 -0.00386648 -0.000851078 
v -0.0418561 -0.00393584 -0.000428048 
v -0.0418561 -0.00395904 8.24142e-19 
v -0.0418561 -0.00393584 0.000428048 
v -0.0418561 -0.00386648 0.000851078 
v -0.0418561 -0.0037518 0.00126413 
v -0.0418561 -0.00359313 0.00166236 
v -0.0418561 -0.00339234 0.0020411 
v -0.0418561 -0.00315177 0.00239591 
v -0.0418561 -0.00287425 0.00272263 
v -0.0418561 -0.00256303 0.00301743 
v -0.0418561 -0.00222176 0.00327686 
v -0.0418561 -0.00185445 0.00349786 
v -0.0418561 -0.00146539 0.00367786 
v -0.0418561 -0.00105916 0.00381474 
v -0.0418561 -0.000640502 0.00390689 
v -0.0418561 -0.000214338 0.00395324 
v -0.0418561 0.000214338 0.00395324 
v -0.0418561 0.000640502 0.00390689 
v -0.0418561 0.00105916 0.00381474 
v -0.0418561 0.00146539 0.00367786 
v -0.0418561 0.00185445 0.00349786 
v -0.0418561 0.00222176 0.00327686 
v -0.0418561 0.00256303 0.00301743 
v -0.0418561 0.00287425 0.00272263 
v -0.0418561 0.00315177 0.00239591 
v -0.0418561 0.00339234 0.0020411 
v -0.0418561 0.00359313 0.00166236 
v -0.0418561 0.0037518 0.00126413 
v -0.0418561 0.00386648 0.000851078 
v -0.0418561 0.00393584 0.000428048 
v -0.0418561 0.00395904 0 
v -0.1275 1.11732e-18 0 
vn 1 1.66611e-16 0 
vn 0.0985281 0.995134 0 
vn 0.0985281 0.989301 -0.107593 
vn 0.0985281 0.971869 -0.213924 
vn 0.0985281 0.943042 -0.317748 
vn 0.0985281 0.903159 -0.417846 
vn 0.0985281 0.852688 -0.513045 
vn 0.0985281 0.792219 -0.60223 
vn 0.0985281 0.722463 -0.684353 
vn 0.0985281 0.644236 -0.758454 
vn 0.0985281 0.558456 -0.823662 
vn 0.0985281 0.466129 -0.879213 
vn 0.0985281 0.368337 -0.924457 
vn 0.0985281 0.266227 -0.958862 
vn 0.0985281 0.160995 -0.982025 
vn 0.0985281 0.0538755 -0.993675 
vn 0.0985281 -0.0538755 -0.993675 
vn 0.0985281 -0.160995 -0.982025 
vn 0.0985281 -0.266227 -0.958862 
vn 0.0985281 -0.368337 -0.924457 
vn 0.0985281 -0.466129 -0.879213 
vn 0.0985281 -0.558456 -0.823662 
vn 0.0985281 -0.644236 -0.758454 
vn 0.0985281 -0.722463 -0.684353 
vn 0.0985281 -0.792219 -0.60223 
vn 0.0985281 -0.852688 -0.513045 
vn 0.0985281 -0.903159 -0.417846 
vn 0.0985281 -0.943042 -0.317748 
vn 0.0985281 -0.971869 -0.213924 
vn 0.0985281 -0.989301 -0.107593 
vn 0.0985281 -0.995134 2.07154e-16 
vn 0.0985281 -0.989301 0.107593 
vn 0.0985281 -0.971869 0.213924 
vn 0.0985281 -0.943042 0.317748 
vn 0.0985281 -0.903159 0.417846 
vn 0.0985281 -0.852688 0.513045 
vn 0.0985281 -0.792219 0.60223 
vn 0.0985281 -0.722463 0.684353 
vn 0.0985281 -0.644236 0.758454 
vn 0.0985281 -0.558456 0.823662 
vn 0.0985281 -0.466129 0.879213 
vn 0.0985281 -0.368337 0.924457 
vn 0.0985281 -0.266227 0.958862 
vn 0.0985281 -0.160995 0.982025 
vn 0.0985281 -0.0538755 0.993675 
vn 0.0985281 0.0538755 0.993675 
vn 0.0985281 0.160995 0.982025 
vn 0.0985281 0.266227 0.958862 
vn 0.0985281 0.368337 0.924457 
vn 0.0985281 0.466129 0.879213 
vn 0.0985281 0.558456 0.823662 
vn 0.0985281 0.644236 0.758454 
vn 0.0985281 0.722463 0.684353 
vn 0.0985281 0.792219 0.60223 
vn 0.0985281 0.852688 0.513045 
vn 0.0985281 0.903159 0.417846 
vn 0.0985281 0.943042 0.317748 
vn 0.0985281 0.971869 0.213924 
vn 0.0985281 0.989301 0.107593 
vn -0.0650904 0.99203 -0.10789 
vn -0.0404484 0.993324 -0.108031 
vn -0.0404484 0.999182 0 
vn -0.0650904 0.97455 -0.214515 
vn -0.0404484 0.975821 -0.214795 
vn -0.0650904 0.945644 -0.318624 
vn -0.0404484 0.946878 -0.31904 
vn -0.0650904 0.905651 -0.418999 
vn -0.0404484 0.906833 -0.419545 
vn -0.0650904 0.85504 -0.514461 
vn -0.0404484 0.856156 -0.515132 
vn -0.0650904 0.794405 -0.603891 
vn -0.0404484 0.795442 -0.604679 
vn -0.0650904 0.724456 -0.686241 
vn -0.0404484 0.725401 -0.687137 
vn -0.0650904 0.646013 -0.760546 
vn -0.0404484 0.646856 -0.761538 
vn -0.0650904 0.559997 -0.825934 
vn -0.0404484 0.560728 -0.827012 
vn -0.0650904 0.467415 -0.881638 
vn -0.0404484 0.468025 -0.882789 
vn -0.0650904 0.369353 -0.927007 
vn -0.0404484 0.369835 -0.928216 
vn -0.0650904 0.266961 -0.961507 
vn -0.0404484 0.267309 -0.962761 
vn -0.0650904 0.161439 -0.984734 
vn -0.0404484 0.16165 -0.986019 
vn -0.0650904 0.0540241 -0.996416 
vn -0.0404484 0.0540946 -0.997716 
vn -0.0650904 -0.0540241 -0.996416 
vn -0.0404484 -0.0540946 -0.997716 
vn -0.0650904 -0.161439 -0.984734 
vn -0.0404484 -0.16165 -0.986019 
vn -0.0650904 -0.266961 -0.961507 
vn -0.0404484 -0.267309 -0.962761 
vn -0.0650904 -0.369353 -0.927007 
vn -0.0404484 -0.369835 -0.928216 
vn -0.0650904 -0.467415 -0.881638 
vn -0.0404484 -0.468025 -0.882789 
vn -0.0650904 -0.559997 -0.825934 
vn -0.0404484 -0.560728 -0.827012 
vn -0.0650904 -0.646013 -0.760546 
vn -0.0404484 -0.646856 -0.761538 
vn -0.0650904 -0.724456 -0.686241 
vn -0.0404484 -0.725401 -0.687137 
vn -0.0650904 -0.794405 -0.603891 
vn -0.0404484 -0.795442 -0.604679 
vn -0.0650904 -0.85504 -0.514461 
vn -0.0404484 -0.856156 -0.515132 
vn -0.0650904 -0.905651 -0.418999 
vn -0.0404484 -0.906833 -0.419545 
vn -0.0650904 -0.945644 -0.318624 
vn -0.0404484 -0.946878 -0.31904 
vn -0.0650904 -0.97455 -0.214515 
vn -0.0404484 -0.975821 -0.214795 
vn -0.0650904 -0.99203 -0.10789 
vn -0.0404484 -0.993324 -0.108031 
vn -0.0650904 -0.997879 2.07725e-16 
vn -0.0404484 -0.999182 2.07996e-16 
vn -0.0650904 -0.99203 0.10789 
vn -0.0404484 -0.993324 0.108031 
vn -0.0650904 -0.97455 0.214515 
vn -0.0404484 -0.975821 0.214795 
vn -0.0650904 -0.945644 0.318624 
vn -0.0404484 -0.946878 0.31904 
vn -0.0650904 -0.905651 0.418999 
vn -0.0404484 -0.906833 0.419545 
vn -0.0650904 -0.85504 0.514461 
vn -0.0404484 -0.856156 0.515132 
vn -0.0650904 -0.794405 0.603891 
vn -0.0404484 -0.795442 0.604679 
vn -0.0650904 -0.724456 0.686241 
vn -0.0404484 -0.725401 0.687137 
vn -0.0650904 -0.646013 0.760546 
vn -0.0404484 -0.646856 0.761538 
vn -0.0650904 -0.559997 0.825934 
vn -0.0404484 -0.560728 0.827012 
vn -0.0650904 -0.467415 0.881638 
vn -0.0404484 -0.468025 0.882789 
vn -0.0650904 -0.369353 0.927007 
vn -0.0404484 -0.369835 0.928216 
vn -0.0650904 -0.266961 0.961507 
vn -0.0404484 -0.267309 0.962761 
vn -0.0650904 -0.161439 0.984734 
vn -0.0404484 -0.16165 0.986019 
vn -0.0650904 -0.0540241 0.996416 
vn -0.0404484 -0.0540946 0.997716 
vn -0.0650904 0.0540241 0.996416 
vn -0.0404484 0.0540946 0.997716 
vn -0.0650904 0.161439 0.984734 
vn -0.0404484 0.16165 0.986019 
vn -0.0650904 0.266961 0.961507 
vn -0.0404484 0.267309 0.962761 
vn -0.0650904 0.369353 0.927007 
vn -0.0404484 0.369835 0.928216 
vn -0.0650904 0.467415 0.881638 
vn -0.0404484 0.468025 0.882789 
vn -0.0650904 0.559997 0.825934 
vn -0.0404484 0.560728 0.827012 
vn -0.0650904 0.646013 0.760546 
vn -0.0404484 0.646856 0.761538 
vn -0.0650904 0.724456 0.686241 
vn -0.0404484 0.725401 0.687137 
vn -0.0650904 0.794405 0.603891 
vn -0.0404484 0.795442 0.604679 
vn -0.0650904 0.85504 0.514461 
vn -0.0404484 0.856156 0.515132 
vn -0.0650904 0.905651 0.418999 
vn -0.0404484 0.906833 0.419545 
vn -0.0650904 0.945644 0.318624 
vn -0.0404484 0.946878 0.31904 
vn -0.0650904 0.97455 0.214515 
vn -0.0404484 0.975821 0.214795 
vn -0.0650904 0.99203 0.10789 
vn -0.0404484 0.993324 0.108031 
vn -0.0650904 0.997879 0 
vn -0.0854306 0.990504 -0.107724 
vn -0.0854306 0.97305 -0.214185 
vn -0.0854306 0.944189 -0.318134 
vn -0.0854306 0.904257 -0.418354 
vn -0.0854306 0.853725 -0.513669 
vn -0.0854306 0.793183 -0.602962 
vn -0.0854306 0.723341 -0.685185 
vn -0.0854306 0.64502 -0.759376 
vn -0.0854306 0.559135 -0.824663 
vn -0.0854306 0.466696 -0.880282 
vn -0.0854306 0.368785 -0.92558 
vn -0.0854306 0.26655 -0.960027 
vn -0.0854306 0.161191 -0.983219 
vn -0.0854306 0.053941 -0.994883 
vn -0.0854306 -0.053941 -0.994883 
vn -0.0854306 -0.161191 -0.983219 
vn -0.0854306 -0.26655 -0.960027 
vn -0.0854306 -0.368785 -0.92558 
vn -0.0854306 -0.466696 -0.880282 
vn -0.0854306 -0.559135 -0.824663 
vn -0.0854306 -0.64502 -0.759376 
vn -0.0854306 -0.723341 -0.685185 
vn -0.0854306 -0.793183 -0.602962 
vn -0.0854306 -0.853725 -0.513669 
vn -0.0854306 -0.904257 -0.418354 
vn -0.0854306 -0.944189 -0.318134 
vn -0.0854306 -0.97305 -0.214185 
vn -0.0854306 -0.990504 -0.107724 
vn -0.0854306 -0.996344 2.07406e-16 
vn -0.0854306 -0.990504 0.107724 
vn -0.0854306 -0.97305 0.214185 
vn -0.0854306 -0.944189 0.318134 
vn -0.0854306 -0.904257 0.418354 
vn -0.0854306 -0.853725 0.513669 
vn -0.0854306 -0.793183 0.602962 
vn -0.0854306 -0.723341 0.685185 
vn -0.0854306 -0.64502 0.759376 
vn -0.0854306 -0.559135 0.824663 
vn -0.0854306 -0.466696 0.880282 
vn -0.0854306 -0.368785 0.92558 
vn -0.0854306 -0.26655 0.960027 
vn -0.0854306 -0.161191 0.983219 
vn -0.0854306 -0.053941 0.994883 
vn -0.0854306 0.053941 0.994883 
vn -0.0854306 0.161191 0.983219 
vn -0.0854306 0.26655 0.960027 
vn -0.0854306 0.368785 0.92558 
vn -0.0854306 0.466696 0.880282 
vn -0.0854306 0.559135 0.824663 
vn -0.0854306 0.64502 0.759376 
vn -0.0854306 0.723341 0.685185 
vn -0.0854306 0.793183 0.602962 
vn -0.0854306 0.853725 0.513669 
vn -0.0854306 0.904257 0.418354 
vn -0.0854306 0.944189 0.318134 
vn -0.0854306 0.97305 0.214185 
vn -0.0854306 0.990504 0.107724 
vn -0.0854306 0.996344 0 
vn -0.098791 0.989275 -0.10759 
vn -0.098791 0.971843 -0.213919 
vn -0.098791 0.943017 -0.31774 
vn -0.098791 0.903136 -0.417835 
vn -0.098791 0.852666 -0.513032 
vn -0.098791 0.792199 -0.602214 
vn -0.098791 0.722444 -0.684335 
vn -0.098791 0.644219 -0.758434 
vn -0.098791 0.558442 -0.82364 
vn -0.098791 0.466117 -0.87919 
vn -0.098791 0.368328 -0.924432 
vn -0.098791 0.26622 -0.958837 
vn -0.098791 0.160991 -0.981999 
vn -0.098791 0.0538741 -0.993649 
vn -0.098791 -0.0538741 -0.993649 
vn -0.098791 -0.160991 -0.981999 
vn -0.098791 -0.26622 -0.958837 
vn -0.098791 -0.368328 -0.924432 
vn -0.098791 -0.466117 -0.87919 
vn -0.098791 -0.558442 -0.82364 
vn -0.098791 -0.644219 -0.758434 
vn -0.098791 -0.722444 -0.684335 
vn -0.098791 -0.792199 -0.602214 
vn -0.098791 -0.852666 -0.513032 
vn -0.098791 -0.903136 -0.417835 
vn -0.098791 -0.943017 -0.31774 
vn -0.098791 -0.971843 -0.213919 
vn -0.098791 -0.989275 -0.10759 
vn -0.098791 -0.995108 2.07149e-16 
vn -0.098791 -0.989275 0.10759 
vn -0.098791 -0.971843 0.213919 
vn -0.098791 -0.943017 0.31774 
vn -0.098791 -0.903136 0.417835 
vn -0.098791 -0.852666 0.513032 
vn -0.098791 -0.792199 0.602214 
vn -0.098791 -0.722444 0.684335 
vn -0.098791 -0.644219 0.758434 
vn -0.098791 -0.558442 0.82364 
vn -0.098791 -0.466117 0.87919 
vn -0.098791 -0.368328 0.924432 
vn -0.098791 -0.26622 0.958837 
vn -0.098791 -0.160991 0.981999 
vn -0.098791 -0.0538741 0.993649 
vn -0.098791 0.0538741 0.993649 
vn -0.098791 0.160991 0.981999 
vn -0.098791 0.26622 0.958837 
vn -0.098791 0.368328 0.924432 
vn -0.098791 0.466117 0.87919 
vn -0.098791 0.558442 0.82364 
vn -0.098791 0.644219 0.758434 
vn -0.098791 0.722444 0.684335 
vn -0.098791 0.792199 0.602214 
vn -0.098791 0.852666 0.513032 
vn -0.098791 0.903136 0.417835 
vn -0.098791 0.943017 0.31774 
vn -0.098791 0.971843 0.213919 
vn -0.098791 0.989275 0.10759 
vn -0.098791 0.995108 0 
vn -0.0874797 0.990327 -0.107705 
vn -0.0874797 0.972876 -0.214146 
vn -0.0874797 0.94402 -0.318077 
vn -0.0874797 0.904096 -0.418279 
vn -0.0874797 0.853572 -0.513577 
vn -0.0874797 0.793041 -0.602854 
vn -0.0874797 0.723212 -0.685063 
vn -0.0874797 0.644904 -0.75924 
vn -0.0874797 0.559036 -0.824516 
vn -0.0874797 0.466613 -0.880125 
vn -0.0874797 0.368719 -0.925415 
vn -0.0874797 0.266503 -0.959856 
vn -0.0874797 0.161162 -0.983043 
vn -0.0874797 0.0539314 -0.994705 
vn -0.0874797 -0.0539314 -0.994705 
vn -0.0874797 -0.161162 -0.983043 
vn -0.0874797 -0.266503 -0.959856 
vn -0.0874797 -0.368719 -0.925415 
vn -0.0874797 -0.466613 -0.880125 
vn -0.0874797 -0.559036 -0.824516 
vn -0.0874797 -0.644904 -0.75924 
vn -0.0874797 -0.723212 -0.685063 
vn -0.0874797 -0.793041 -0.602854 
vn -0.0874797 -0.853572 -0.513577 
vn -0.0874797 -0.904096 -0.418279 
vn -0.0874797 -0.94402 -0.318077 
vn -0.0874797 -0.972876 -0.214146 
vn -0.0874797 -0.990327 -0.107705 
vn -0.0874797 -0.996166 2.07369e-16 
vn -0.0874797 -0.990327 0.107705 
vn -0.0874797 -0.972876 0.214146 
vn -0.0874797 -0.94402 0.318077 
vn -0.0874797 -0.904096 0.418279 
vn -0.0874797 -0.853572 0.513577 
vn -0.0874797 -0.793041 0.602854 
vn -0.0874797 -0.723212 0.685063 
vn -0.0874797 -0.644904 0.75924 
vn -0.0874797 -0.559036 0.824516 
vn -0.0874797 -0.466613 0.880125 
vn -0.0874797 -0.368719 0.925415 
vn -0.0874797 -0.266503 0.959856 
vn -0.0874797 -0.161162 0.983043 
vn -0.0874797 -0.0539314 0.994705 
vn -0.0874797 0.0539314 0.994705 
vn -0.0874797 0.161162 0.983043 
vn -0.0874797 0.266503 0.959856 
vn -0.0874797 0.368719 0.925415 
vn -0.0874797 0.466613 0.880125 
vn -0.0874797 0.559036 0.824516 
vn -0.0874797 0.644904 0.75924 
vn -0.0874797 0.723212 0.685063 
vn -0.0874797 0.793041 0.602854 
vn -0.0874797 0.853572 0.513577 
vn -0.0874797 0.904096 0.418279 
vn -0.0874797 0.94402 0.318077 
vn -0.0874797 0.972876 0.214146 
vn -0.0874797 0.990327 0.107705 
vn -0.0874797 0.996166 0 
vn -0.0516885 0.992809 -0.107974 
vn -0.0516885 0.975315 -0.214683 
vn -0.0516885 0.946386 -0.318875 
vn -0.0516885 0.906362 -0.419328 
vn -0.0516885 0.855712 -0.514865 
vn -0.0516885 0.795029 -0.604365 
vn -0.0516885 0.725025 -0.68678 
vn -0.0516885 0.646521 -0.761143 
vn -0.0516885 0.560437 -0.826583 
vn -0.0516885 0.467782 -0.882331 
vn -0.0516885 0.369643 -0.927735 
vn -0.0516885 0.267171 -0.962262 
vn -0.0516885 0.161566 -0.985507 
vn -0.0516885 0.0540665 -0.997199 
vn -0.0516885 -0.0540665 -0.997199 
vn -0.0516885 -0.161566 -0.985507 
vn -0.0516885 -0.267171 -0.962262 
vn -0.0516885 -0.369643 -0.927735 
vn -0.0516885 -0.467782 -0.882331 
vn -0.0516885 -0.560437 -0.826583 
vn -0.0516885 -0.646521 -0.761143 
vn -0.0516885 -0.725025 -0.68678 
vn -0.0516885 -0.795029 -0.604365 
vn -0.0516885 -0.855712 -0.514865 
vn -0.0516885 -0.906362 -0.419328 
vn -0.0516885 -0.946386 -0.318875 
vn -0.0516885 -0.975315 -0.214683 
vn -0.0516885 -0.992809 -0.107974 
vn -0.0516885 -0.998663 2.07889e-16 
vn -0.0516885 -0.992809 0.107974 
vn -0.0516885 -0.975315 0.214683 
vn -0.0516885 -0.946386 0.318875 
vn -0.0516885 -0.906362 0.419328 
vn -0.0516885 -0.855712 0.514865 
vn -0.0516885 -0.795029 0.604365 
vn -0.0516885 -0.725025 0.68678 
vn -0.0516885 -0.646521 0.761143 
vn -0.0516885 -0.560437 0.826583 
vn -0.0516885 -0.467782 0.882331 
vn -0.0516885 -0.369643 0.927735 
vn -0.0516885 -0.267171 0.962262 
vn -0.0516885 -0.161566 0.985507 
vn -0.0516885 -0.0540665 0.997199 
vn -0.0516885 0.0540665 0.997199 
vn -0.0516885 0.161566 0.985507 
vn -0.0516885 0.267171 0.962262 
vn -0.0516885 0.369643 0.927735 
vn -0.0516885 0.467782 0.882331 
vn -0.0516885 0.560437 0.826583 
vn -0.0516885 0.646521 0.761143 
vn -0.0516885 0.725025 0.68678 
vn -0.0516885 0.795029 0.604365 
vn -0.0516885 0.855712 0.514865 
vn -0.0516885 0.906362 0.419328 
vn -0.0516885 0.946386 0.318875 
vn -0.0516885 0.975315 0.214683 
vn -0.0516885 0.992809 0.107974 
vn -0.0516885 0.998663 0 
vn -0.00546437 0.994123 -0.108117 
vn -0.00546437 0.976606 -0.214967 
vn -0.00546437 0.947639 -0.319297 
vn -0.00546437 0.907562 -0.419883 
vn -0.00546437 0.856844 -0.515546 
vn -0.00546437 0.796081 -0.605165 
vn -0.00546437 0.725985 -0.687689 
vn -0.00546437 0.647377 -0.762151 
vn -0.00546437 0.561179 -0.827677 
vn -0.00546437 0.468401 -0.883499 
vn -0.00546437 0.370133 -0.928963 
vn -0.00546437 0.267524 -0.963536 
vn -0.00546437 0.16178 -0.986812 
vn -0.00546437 0.0541381 -0.998519 
vn -0.00546437 -0.0541381 -0.998519 
vn -0.00546437 -0.16178 -0.986812 
vn -0.00546437 -0.267524 -0.963536 
vn -0.00546437 -0.370133 -0.928963 
vn -0.00546437 -0.468401 -0.883499 
vn -0.00546437 -0.561179 -0.827677 
vn -0.00546437 -0.647377 -0.762151 
vn -0.00546437 -0.725985 -0.687689 
vn -0.00546437 -0.796081 -0.605165 
vn -0.00546437 -0.856844 -0.515546 
vn -0.00546437 -0.907562 -0.419883 
vn -0.00546437 -0.947639 -0.319297 
vn -0.00546437 -0.976606 -0.214967 
vn -0.00546437 -0.994123 -0.108117 
vn -0.00546437 -0.999985 2.08164e-16 
vn -0.00546437 -0.994123 0.108117 
vn -0.00546437 -0.976606 0.214967 
vn -0.00546437 -0.947639 0.319297 
vn -0.00546437 -0.907562 0.419883 
vn -0.00546437 -0.856844 0.515546 
vn -0.00546437 -0.796081 0.605165 
vn -0.00546437 -0.725985 0.687689 
vn -0.00546437 -0.647377 0.762151 
vn -0.00546437 -0.561179 0.827677 
vn -0.00546437 -0.468401 0.883499 
vn -0.00546437 -0.370133 0.928963 
vn -0.00546437 -0.267524 0.963536 
vn -0.00546437 -0.16178 0.986812 
vn -0.00546437 -0.0541381 0.998519 
vn -0.00546437 0.0541381 0.998519 
vn -0.00546437 0.16178 0.986812 
vn -0.00546437 0.267524 0.963536 
vn -0.00546437 0.370133 0.928963 
vn -0.00546437 0.468401 0.883499 
vn -0.00546437 0.561179 0.827677 
vn -0.00546437 0.647377 0.762151 
vn -0.00546437 0.725985 0.687689 
vn -0.00546437 0.796081 0.605165 
vn -0.00546437 0.856844 0.515546 
vn -0.00546437 0.907562 0.419883 
vn -0.00546437 0.947639 0.319297 
vn -0.00546437 0.976606 0.214967 
vn -0.00546437 0.994123 0.108117 
vn -0.00546437 0.999985 0 
vn 0.0433179 0.993205 -0.108018 
vn 0.0433179 0.975704 -0.214769 
vn 0.0433179 0.946764 -0.319002 
vn 0.0433179 0.906724 -0.419495 
vn 0.0433179 0.856053 -0.51507 
vn 0.0433179 0.795346 -0.604606 
vn 0.0433179 0.725314 -0.687054 
vn 0.0433179 0.646779 -0.761447 
vn 0.0433179 0.56066 -0.826912 
vn 0.0433179 0.467969 -0.882683 
vn 0.0433179 0.369791 -0.928105 
vn 0.0433179 0.267277 -0.962646 
vn 0.0433179 0.16163 -0.9859 
vn 0.0433179 0.0540881 -0.997596 
vn 0.0433179 -0.0540881 -0.997596 
vn 0.0433179 -0.16163 -0.9859 
vn 0.0433179 -0.267277 -0.962646 
vn 0.0433179 -0.369791 -0.928105 
vn 0.0433179 -0.467969 -0.882683 
vn 0.0433179 -0.56066 -0.826912 
vn 0.0433179 -0.646779 -0.761447 
vn 0.0433179 -0.725314 -0.687054 
vn 0.0433179 -0.795346 -0.604606 
vn 0.0433179 -0.856053 -0.51507 
vn 0.0433179 -0.906724 -0.419495 
vn 0.0433179 -0.946764 -0.319002 
vn 0.0433179 -0.975704 -0.214769 
vn 0.0433179 -0.993205 -0.108018 
vn 0.0433179 -0.999061 2.07971e-16 
vn 0.0433179 -0.993205 0.108018 
vn 0.0433179 -0.975704 0.214769 
vn 0.0433179 -0.946764 0.319002 
vn 0.0433179 -0.906724 0.419495 
vn 0.0433179 -0.856053 0.51507 
vn 0.0433179 -0.795346 0.604606 
vn 0.0433179 -0.725314 0.687054 
vn 0.0433179 -0.646779 0.761447 
vn 0.0433179 -0.56066 0.826912 
vn 0.0433179 -0.467969 0.882683 
vn 0.0433179 -0.369791 0.928105 
vn 0.0433179 -0.267277 0.962646 
vn 0.0433179 -0.16163 0.9859 
vn 0.0433179 -0.0540881 0.997596 
vn 0.0433179 0.0540881 0.997596 
vn 0.0433179 0.16163 0.9859 
vn 0.0433179 0.267277 0.962646 
vn 0.0433179 0.369791 0.928105 
vn 0.0433179 0.467969 0.882683 
vn 0.0433179 0.56066 0.826912 
vn 0.0433179 0.646779 0.761447 
vn 0.0433179 0.725314 0.687054 
vn 0.0433179 0.795346 0.604606 
vn 0.0433179 0.856053 0.51507 
vn 0.0433179 0.906724 0.419495 
vn 0.0433179 0.946764 0.319002 
vn 0.0433179 0.975704 0.214769 
vn 0.0433179 0.993205 0.108018 
vn 0.0433179 0.999061 0 
vn 0.0913796 0.989979 -0.107667 
vn 0.0913796 0.972535 -0.214071 
vn 0.0913796 0.943688 -0.317966 
vn 0.0913796 0.903778 -0.418132 
vn 0.0913796 0.853272 -0.513397 
vn 0.0913796 0.792762 -0.602642 
vn 0.0913796 0.722958 -0.684822 
vn 0.0913796 0.644678 -0.758973 
vn 0.0913796 0.558839 -0.824226 
vn 0.0913796 0.466449 -0.879816 
vn 0.0913796 0.36859 -0.92509 
vn 0.0913796 0.266409 -0.959519 
vn 0.0913796 0.161105 -0.982698 
vn 0.0913796 0.0539124 -0.994356 
vn 0.0913796 -0.0539124 -0.994356 
vn 0.0913796 -0.161105 -0.982698 
vn 0.0913796 -0.266409 -0.959519 
vn 0.0913796 -0.36859 -0.92509 
vn 0.0913796 -0.466449 -0.879816 
vn 0.0913796 -0.558839 -0.824226 
vn 0.0913796 -0.644678 -0.758973 
vn 0.0913796 -0.722958 -0.684822 
vn 0.0913796 -0.792762 -0.602642 
vn 0.0913796 -0.853272 -0.513397 
vn 0.0913796 -0.903778 -0.418132 
vn 0.0913796 -0.943688 -0.317966 
vn 0.0913796 -0.972535 -0.214071 
vn 0.0913796 -0.989979 -0.107667 
vn 0.0913796 -0.995816 2.07296e-16 
vn 0.0913796 -0.989979 0.107667 
vn 0.0913796 -0.972535 0.214071 
vn 0.0913796 -0.943688 0.317966 
vn 0.0913796 -0.903778 0.418132 
vn 0.0913796 -0.853272 0.513397 
vn 0.0913796 -0.792762 0.602642 
vn 0.0913796 -0.722958 0.684822 
vn 0.0913796 -0.644678 0.758973 
vn 0.0913796 -0.558839 0.824226 
vn 0.0913796 -0.466449 0.879816 
vn 0.0913796 -0.36859 0.92509 
vn 0.0913796 -0.266409 0.959519 
vn 0.0913796 -0.161105 0.982698 
vn 0.0913796 -0.0539124 0.994356 
vn 0.0913796 0.0539124 0.994356 
vn 0.0913796 0.161105 0.982698 
vn 0.0913796 0.266409 0.959519 
vn 0.0913796 0.36859 0.92509 
vn 0.0913796 0.466449 0.879816 
vn 0.0913796 0.558839 0.824226 
vn 0.0913796 0.644678 0.758973 
vn 0.0913796 0.722958 0.684822 
vn 0.0913796 0.792762 0.602642 
vn 0.0913796 0.853272 0.513397 
vn 0.0913796 0.903778 0.418132 
vn 0.0913796 0.943688 0.317966 
vn 0.0913796 0.972535 0.214071 
vn 0.0913796 0.989979 0.107667 
vn 0.0913796 0.995816 0 
vn 0.176453 0.978539 -0.106423 
vn 0.176453 0.961296 -0.211597 
vn 0.176453 0.932784 -0.314291 
vn 0.176453 0.893335 -0.413301 
vn 0.176453 0.843412 -0.507464 
vn 0.176453 0.783602 -0.595678 
vn 0.176453 0.714604 -0.676909 
vn 0.176453 0.637228 -0.750203 
vn 0.176453 0.552382 -0.814702 
vn 0.176453 0.461059 -0.869649 
vn 0.176453 0.36433 -0.9144 
vn 0.176453 0.263331 -0.948431 
vn 0.176453 0.159243 -0.971342 
vn 0.176453 0.0532894 -0.982866 
vn 0.176453 -0.0532894 -0.982866 
vn 0.176453 -0.159243 -0.971342 
vn 0.176453 -0.263331 -0.948431 
vn 0.176453 -0.36433 -0.9144 
vn 0.176453 -0.461059 -0.869649 
vn 0.176453 -0.552382 -0.814702 
vn 0.176453 -0.637228 -0.750203 
vn 0.176453 -0.714604 -0.676909 
vn 0.176453 -0.783602 -0.595678 
vn 0.176453 -0.843412 -0.507464 
vn 0.176453 -0.893335 -0.413301 
vn 0.176453 -0.932784 -0.314291 
vn 0.176453 -0.961296 -0.211597 
vn 0.176453 -0.978539 -0.106423 
vn 0.176453 -0.984309 2.049e-16 
vn 0.176453 -0.978539 0.106423 
vn 0.176453 -0.961296 0.211597 
vn 0.176453 -0.932784 0.314291 
vn 0.176453 -0.893335 0.413301 
vn 0.176453 -0.843412 0.507464 
vn 0.176453 -0.783602 0.595678 
vn 0.176453 -0.714604 0.676909 
vn 0.176453 -0.637228 0.750203 
vn 0.176453 -0.552382 0.814702 
vn 0.176453 -0.461059 0.869649 
vn 0.176453 -0.36433 0.9144 
vn 0.176453 -0.263331 0.948431 
vn 0.176453 -0.159243 0.971342 
vn 0.176453 -0.0532894 0.982866 
vn 0.176453 0.0532894 0.982866 
vn 0.176453 0.159243 0.971342 
vn 0.176453 0.263331 0.948431 
vn 0.176453 0.36433 0.9144 
vn 0.176453 0.461059 0.869649 
vn 0.176453 0.552382 0.814702 
vn 0.176453 0.637228 0.750203 
vn 0.176453 0.714604 0.676909 
vn 0.176453 0.783602 0.595678 
vn 0.176453 0.843412 0.507464 
vn 0.176453 0.893335 0.413301 
vn 0.176453 0.932784 0.314291 
vn 0.176453 0.961296 0.211597 
vn 0.176453 0.978539 0.106423 
vn 0.176453 0.984309 0 
vn 0.275744 0.955596 -0.103927 
vn 0.275744 0.938758 -0.206636 
vn 0.275744 0.910914 -0.306923 
vn 0.275744 0.87239 -0.40361 
vn 0.275744 0.823638 -0.495566 
vn 0.275744 0.765229 -0.581712 
vn 0.275744 0.697849 -0.661038 
vn 0.275744 0.622288 -0.732614 
vn 0.275744 0.53943 -0.7956 
vn 0.275744 0.450249 -0.849259 
vn 0.275744 0.355788 -0.892961 
vn 0.275744 0.257157 -0.926194 
vn 0.275744 0.15551 -0.948568 
vn 0.275744 0.05204 -0.959821 
vn 0.275744 -0.05204 -0.959821 
vn 0.275744 -0.15551 -0.948568 
vn 0.275744 -0.257157 -0.926194 
vn 0.275744 -0.355788 -0.892961 
vn 0.275744 -0.450249 -0.849259 
vn 0.275744 -0.53943 -0.7956 
vn 0.275744 -0.622288 -0.732614 
vn 0.275744 -0.697849 -0.661038 
vn 0.275744 -0.765229 -0.581712 
vn 0.275744 -0.823638 -0.495566 
vn 0.275744 -0.87239 -0.40361 
vn 0.275744 -0.910914 -0.306923 
vn 0.275744 -0.938758 -0.206636 
vn 0.275744 -0.955596 -0.103927 
vn 0.275744 -0.961231 2.00096e-16 
vn 0.275744 -0.955596 0.103927 
vn 0.275744 -0.938758 0.206636 
vn 0.275744 -0.910914 0.306923 
vn 0.275744 -0.87239 0.40361 
vn 0.275744 -0.823638 0.495566 
vn 0.275744 -0.765229 0.581712 
vn 0.275744 -0.697849 0.661038 
vn 0.275744 -0.622288 0.732614 
vn 0.275744 -0.53943 0.7956 
vn 0.275744 -0.450249 0.849259 
vn 0.275744 -0.355788 0.892961 
vn 0.275744 -0.257157 0.926194 
vn 0.275744 -0.15551 0.948568 
vn 0.275744 -0.05204 0.959821 
vn 0.275744 0.05204 0.959821 
vn 0.275744 0.15551 0.948568 
vn 0.275744 0.257157 0.926194 
vn 0.275744 0.355788 0.892961 
vn 0.275744 0.450249 0.849259 
vn 0.275744 0.53943 0.7956 
vn 0.275744 0.622288 0.732614 
vn 0.275744 0.697849 0.661038 
vn 0.275744 0.765229 0.581712 
vn 0.275744 0.823638 0.495566 
vn 0.275744 0.87239 0.40361 
vn 0.275744 0.910914 0.306923 
vn 0.275744 0.938758 0.206636 
vn 0.275744 0.955596 0.103927 
vn 0.275744 0.961231 0 
vn 0.344346 0.938843 0 
vn 0.344346 0.933339 -0.101507 
vn 0.344346 0.916893 -0.201823 
vn 0.344346 0.889697 -0.299774 
vn 0.344346 0.852071 -0.39421 
vn 0.344346 0.804454 -0.484024 
vn 0.344346 0.747406 -0.568164 
vn 0.344346 0.681596 -0.645642 
vn 0.344346 0.607794 -0.71555 
vn 0.344346 0.526867 -0.77707 
vn 0.344346 0.439762 -0.829479 
vn 0.344346 0.347502 -0.872163 
vn 0.344346 0.251167 -0.904622 
vn 0.344346 0.151888 -0.926475 
vn 0.344346 0.0508279 -0.937466 
vn 0.344346 -0.0508279 -0.937466 
vn 0.344346 -0.151888 -0.926475 
vn 0.344346 -0.251167 -0.904622 
vn 0.344346 -0.347502 -0.872163 
vn 0.344346 -0.439762 -0.829479 
vn 0.344346 -0.526867 -0.77707 
vn 0.344346 -0.607794 -0.71555 
vn 0.344346 -0.681596 -0.645642 
vn 0.344346 -0.747406 -0.568164 
vn 0.344346 -0.804454 -0.484024 
vn 0.344346 -0.852071 -0.39421 
vn 0.344346 -0.889697 -0.299774 
vn 0.344346 -0.916893 -0.201823 
vn 0.344346 -0.933339 -0.101507 
vn 0.344346 -0.938843 1.95436e-16 
vn 0.344346 -0.933339 0.101507 
vn 0.344346 -0.916893 0.201823 
vn 0.344346 -0.889697 0.299774 
vn 0.344346 -0.852071 0.39421 
vn 0.344346 -0.804454 0.484024 
vn 0.344346 -0.747406 0.568164 
vn 0.344346 -0.681596 0.645642 
vn 0.344346 -0.607794 0.71555 
vn 0.344346 -0.526867 0.77707 
vn 0.344346 -0.439762 0.829479 
vn 0.344346 -0.347502 0.872163 
vn 0.344346 -0.251167 0.904622 
vn 0.344346 -0.151888 0.926475 
vn 0.344346 -0.0508279 0.937466 
vn 0.344346 0.0508279 0.937466 
vn 0.344346 0.151888 0.926475 
vn 0.344346 0.251167 0.904622 
vn 0.344346 0.347502 0.872163 
vn 0.344346 0.439762 0.829479 
vn 0.344346 0.526867 0.77707 
vn 0.344346 0.607794 0.71555 
vn 0.344346 0.681596 0.645642 
vn 0.344346 0.747406 0.568164 
vn 0.344346 0.804454 0.484024 
vn 0.344346 0.852071 0.39421 
vn 0.344346 0.889697 0.299774 
vn 0.344346 0.916893 0.201823 
vn 0.344346 0.933339 0.101507 
vn -0.0205412 0.998323 0.0541275 
vn -0.0205412 0.986618 0.161748 
vn -0.0205412 0.963347 0.267472 
vn -0.0205412 0.928781 0.37006 
vn -0.0205412 0.883326 0.46831 
vn -0.0205412 0.827514 0.561069 
vn -0.0205412 0.762001 0.64725 
vn -0.0205412 0.687554 0.725842 
vn -0.0205412 0.605047 0.795925 
vn -0.0205412 0.515445 0.856676 
vn -0.0205412 0.419801 0.907384 
vn -0.0205412 0.319234 0.947453 
vn -0.0205412 0.214925 0.976414 
vn -0.0205412 0.108096 0.993928 
vn -0.0205412 -1.95964e-15 0.999789 
vn -0.0205412 -0.108096 0.993928 
vn -0.0205412 -0.214925 0.976414 
vn -0.0205412 -0.319234 0.947453 
vn -0.0205412 -0.419801 0.907384 
vn -0.0205412 -0.515445 0.856676 
vn -0.0205412 -0.605047 0.795925 
vn -0.0205412 -0.687554 0.725842 
vn -0.0205412 -0.762001 0.64725 
vn -0.0205412 -0.827514 0.561069 
vn -0.0205412 -0.883326 0.46831 
vn -0.0205412 -0.928781 0.37006 
vn -0.0205412 -0.963347 0.267472 
vn -0.0205412 -0.986618 0.161748 
vn -0.0205412 -0.998323 0.0541275 
vn -0.0205412 -0.998323 -0.0541275 
vn -0.0205412 -0.986618 -0.161748 
vn -0.0205412 -0.963347 -0.267472 
vn -0.0205412 -0.928781 -0.37006 
vn -0.0205412 -0.883326 -0.46831 
vn -0.0205412 -0.827514 -0.561069 
vn -0.0205412 -0.762001 -0.64725 
vn -0.0205412 -0.687554 -0.725842 
vn -0.0205412 -0.605047 -0.795925 
vn -0.0205412 -0.515445 -0.856676 
vn -0.0205412 -0.419801 -0.907384 
vn -0.0205412 -0.319234 -0.947453 
vn -0.0205412 -0.214925 -0.976414 
vn -0.0205412 -0.108096 -0.993928 
vn -0.0205412 6.12194e-17 -0.999789 
vn -0.0205412 0.108096 -0.993928 
vn -0.0205412 0.214925 -0.976414 
vn -0.0205412 0.319234 -0.947453 
vn -0.0205412 0.419801 -0.907384 
vn -0.0205412 0.515445 -0.856676 
vn -0.0205412 0.605047 -0.795925 
vn -0.0205412 0.687554 -0.725842 
vn -0.0205412 0.762001 -0.64725 
vn -0.0205412 0.827514 -0.561069 
vn -0.0205412 0.883326 -0.46831 
vn -0.0205412 0.928781 -0.37006 
vn -0.0205412 0.963347 -0.267472 
vn -0.0205412 0.986618 -0.161748 
vn -0.0205412 0.998323 -0.0541275 
v -0.0081 -0.00954372 0.00103794 
v -0.0081 -0.00937556 0.00206372 
v -0.0081 -0.00909747 0.00306529 
v -0.0081 -0.00871272 0.00403094 
v -0.0081 -0.00822583 0.00494932 
v -0.0081 -0.00764249 0.00580967 
v -0.0081 -0.00696956 0.00660191 
v -0.0081 -0.00621491 0.00731676 
v -0.0081 -0.0053874 0.00794581 
v -0.0081 -0.00449672 0.00848172 
v -0.0081 -0.00355333 0.00891818 
v -0.0081 -0.00256827 0.00925008 
v -0.0081 -0.00155311 0.00947353 
v -0.0081 -0.000519734 0.00958592 
v -0.0081 0.000519734 0.00958592 
v -0.0081 0.00155311 0.00947353 
v -0.0081 0.00256827 0.00925008 
v -0.0081 0.00355333 0.00891818 
v -0.0081 0.00449672 0.00848172 
v -0.0081 0.0053874 0.00794581 
v -0.0081 0.00621491 0.00731676 
v -0.0081 0.00696956 0.00660191 
v -0.0081 0.00764249 0.00580967 
v -0.0081 0.00822583 0.00494932 
v -0.0081 0.00871272 0.00403094 
v -0.0081 0.00909747 0.00306529 
v -0.0081 0.00937556 0.00206372 
v -0.0081 0.00954372 0.00103794 
v -0.0081 0.0096 -1.17566e-18 
v -0.0081 0.00954372 -0.00103794 
v -0.0081 0.00937556 -0.00206372 
v -0.0081 0.00909747 -0.00306529 
v -0.0081 0.00871272 -0.00403094 
v -0.0081 0.00822583 -0.00494932 
v -0.0081 0.00764249 -0.00580967 
v -0.0081 0.00696956 -0.00660191 
v -0.0081 0.00621491 -0.00731676 
v -0.0081 0.0053874 -0.00794581 
v -0.0081 0.00449672 -0.00848172 
v -0.0081 0.00355333 -0.00891818 
v -0.0081 0.00256827 -0.00925008 
v -0.0081 0.00155311 -0.00947353 
v -0.0081 0.000519734 -0.00958592 
v -0.0081 -0.000519734 -0.00958592 
v -0.0081 -0.00155311 -0.00947353 
v -0.0081 -0.00256827 -0.00925008 
v -0.0081 -0.00355333 -0.00891818 
v -0.0081 -0.00449672 -0.00848172 
v -0.0081 -0.0053874 -0.00794581 
v -0.0081 -0.00621491 -0.00731676 
v -0.0081 -0.00696956 -0.00660191 
v -0.0081 -0.00764249 -0.00580967 
v -0.0081 -0.00822583 -0.00494932 
v -0.0081 -0.00871272 -0.00403094 
v -0.0081 -0.00909747 -0.00306529 
v -0.0081 -0.00937556 -0.00206372 
v -0.0081 -0.00954372 -0.00103794 
v -0.0081 -0.0096 2.35132e-18 
v -0.0081 5.8783e-19 0 
v 0.0081 -0.0096 0 
v 0.0081 -0.00954372 -0.00103794 
v 0.0081 -0.00937556 -0.00206372 
v 0.0081 -0.00909747 -0.00306529 
v 0.0081 -0.00871272 -0.00403094 
v 0.0081 -0.00822583 -0.00494932 
v 0.0081 -0.00764249 -0.00580967 
v 0.0081 -0.00696956 -0.00660191 
v 0.0081 -0.00621491 -0.00731676 
v 0.0081 -0.0053874 -0.00794581 
v 0.0081 -0.00449672 -0.00848172 
v 0.0081 -0.00355333 -0.00891818 
v 0.0081 -0.00256827 -0.00925008 
v 0.0081 -0.00155311 -0.00947353 
v 0.0081 -0.000519734 -0.00958592 
v 0.0081 0.000519734 -0.00958592 
v 0.0081 0.00155311 -0.00947353 
v 0.0081 0.00256827 -0.00925008 
v 0.0081 0.00355333 -0.00891818 
v 0.0081 0.00449672 -0.00848172 
v 0.0081 0.0053874 -0.00794581 
v 0.0081 0.00621491 -0.00731676 
v 0.0081 0.00696956 -0.00660191 
v 0.0081 0.00764249 -0.00580967 
v 0.0081 0.00822583 -0.00494932 
v 0.0081 0.00871272 -0.00403094 
v 0.0081 0.00909747 -0.00306529 
v 0.0081 0.00937556 -0.00206372 
v 0.0081 0.00954372 -0.00103794 
v 0.0081 0.0096 -1.17566e-18 
v 0.0081 0.00954372 0.00103794 
v 0.0081 0.00937556 0.00206372 
v 0.0081 0.00909747 0.00306529 
v 0.0081 0.00871272 0.00403094 
v 0.0081 0.00822583 0.00494932 
v 0.0081 0.00764249 0.00580967 
v 0.0081 0.00696956 0.00660191 
v 0.0081 0.00621491 0.00731676 
v 0.0081 0.0053874 0.00794581 
v 0.0081 0.00449672 0.00848172 
v 0.0081 0.00355333 0.00891818 
v 0.0081 0.00256827 0.00925008 
v 0.0081 0.00155311 0.00947353 
v 0.0081 0.000519734 0.00958592 
v 0.0081 -0.000519734 0.00958592 
v 0.0081 -0.00155311 0.00947353 
v 0.0081 -0.00256827 0.00925008 
v 0.0081 -0.00355333 0.00891818 
v 0.0081 -0.00449672 0.00848172 
v 0.0081 -0.0053874 0.00794581 
v 0.0081 -0.00621491 0.00731676 
v 0.0081 -0.00696956 0.00660191 
v 0.0081 -0.00764249 0.00580967 
v 0.0081 -0.00822583 0.00494932 
v 0.0081 -0.00871272 0.00403094 
v 0.0081 -0.00909747 0.00306529 
v 0.0081 -0.00937556 0.00206372 
v 0.0081 -0.00954372 0.00103794 
v 0.0081 5.8783e-19 0 
vn -1 0 0 
vn 0 -1 0 
vn 0 -0.994138 -0.108119 
vn 0 -0.976621 -0.21497 
vn 0 -0.947653 -0.319302 
vn 0 -0.907575 -0.419889 
vn 0 -0.856857 -0.515554 
vn 0 -0.796093 -0.605174 
vn 0 -0.725995 -0.687699 
vn 0 -0.647386 -0.762162 
vn 0 -0.561187 -0.827689 
vn 0 -0.468408 -0.883512 
vn 0 -0.370138 -0.928977 
vn 0 -0.267528 -0.96355 
vn 0 -0.161782 -0.986827 
vn 0 -0.0541389 -0.998533 
vn 0 0.0541389 -0.998533 
vn 0 0.161782 -0.986827 
vn 0 0.267528 -0.96355 
vn 0 0.370138 -0.928977 
vn 0 0.468408 -0.883512 
vn 0 0.561187 -0.827689 
vn 0 0.647386 -0.762162 
vn 0 0.725995 -0.687699 
vn 0 0.796093 -0.605174 
vn 0 0.856857 -0.515554 
vn 0 0.907575 -0.419889 
vn 0 0.947653 -0.319302 
vn 0 0.976621 -0.21497 
vn 0 0.994138 -0.108119 
vn 0 1 -1.22465e-16 
vn 0 0.994138 0.108119 
vn 0 0.976621 0.21497 
vn 0 0.947653 0.319302 
vn 0 0.907575 0.419889 
vn 0 0.856857 0.515554 
vn 0 0.796093 0.605174 
vn 0 0.725995 0.687699 
vn 0 0.647386 0.762162 
vn 0 0.561187 0.827689 
vn 0 0.468408 0.883512 
vn 0 0.370138 0.928977 
vn 0 0.267528 0.96355 
vn 0 0.161782 0.986827 
vn 0 0.0541389 0.998533 
vn 0 -0.0541389 0.998533 
vn 0 -0.161782 0.986827 
vn 0 -0.267528 0.96355 
vn 0 -0.370138 0.928977 
vn 0 -0.468408 0.883512 
vn 0 -0.561187 0.827689 
vn 0 -0.647386 0.762162 
vn 0 -0.725995 0.687699 
vn 0 -0.796093 0.605174 
vn 0 -0.856857 0.515554 
vn 0 -0.907575 0.419889 
vn 0 -0.947653 0.319302 
vn 0 -0.976621 0.21497 
vn 0 -0.994138 0.108119 
vn 1 0 0 
v 0.0081 -0.00954372 0.00103794 
v 0.0081 -0.00937556 0.00206372 
v 0.0081 -0.00909747 0.00306529 
v 0.0081 -0.00871272 0.00403094 
v 0.0081 -0.00822583 0.00494932 
v 0.0081 -0.00764249 0.00580967 
v 0.0081 -0.00696956 0.00660191 
v 0.0081 -0.00621491 0.00731676 
v 0.0081 -0.0053874 0.00794581 
v 0.0081 -0.00449672 0.00848172 
v 0.0081 -0.00355333 0.00891818 
v 0.0081 -0.00256827 0.00925008 
v 0.0081 -0.00155311 0.00947353 
v 0.0081 -0.000519734 0.00958592 
v 0.0081 0.000519734 0.00958592 
v 0.0081 0.00155311 0.00947353 
v 0.0081 0.00256827 0.00925008 
v 0.0081 0.00355333 0.00891818 
v 0.0081 0.00449672 0.00848172 
v 0.0081 0.0053874 0.00794581 
v 0.0081 0.00621491 0.00731676 
v 0.0081 0.00696956 0.00660191 
v 0.0081 0.00764249 0.00580967 
v 0.0081 0.00822583 0.00494932 
v 0.0081 0.00871272 0.00403094 
v 0.0081 0.00909747 0.00306529 
v 0.0081 0.00937556 0.00206372 
v 0.0081 0.00954372 0.00103794 
v 0.0081 0.0096 -1.17566e-18 
v 0.0081 0.00954372 -0.00103794 
v 0.0081 0.00937556 -0.00206372 
v 0.0081 0.00909747 -0.00306529 
v 0.0081 0.00871272 -0.00403094 
v 0.0081 0.00822583 -0.00494932 
v 0.0081 0.00764249 -0.00580967 
v 0.0081 0.00696956 -0.00660191 
v 0.0081 0.00621491 -0.00731676 
v 0.0081 0.0053874 -0.00794581 
v 0.0081 0.00449672 -0.00848172 
v 0.0081 0.00355333 -0.00891818 
v 0.0081 0.00256827 -0.00925008 
v 0.0081 0.00155311 -0.00947353 
v 0.0081 0.000519734 -0.00958592 
v 0.0081 -0.000519734 -0.00958592 
v 0.0081 -0.00155311 -0.00947353 
v 0.0081 -0.00256827 -0.00925008 
v 0.0081 -0.00355333 -0.00891818 
v 0.0081 -0.00449672 -0.00848172 
v 0.0081 -0.0053874 -0.00794581 
v 0.0081 -0.00621491 -0.00731676 
v 0.0081 -0.00696956 -0.00660191 
v 0.0081 -0.00764249 -0.00580967 
v 0.0081 -0.00822583 -0.00494932 
v 0.0081 -0.00871272 -0.00403094 
v 0.0081 -0.00909747 -0.00306529 
v 0.0081 -0.00937556 -0.00206372 
v 0.0081 -0.00954372 -0.00103794 
v 0.0081 -0.0096 2.35132e-18 
v 0.0081 5.8783e-19 0 
v 0.0162 -0.0096 0 
v 0.0162 -0.00954372 -0.00103794 
v 0.0162 -0.00937556 -0.00206372 
v 0.0162 -0.00909747 -0.00306529 
v 0.0162 -0.00871272 -0.00403094 
v 0.0162 -0.00822583 -0.00494932 
v 0.0162 -0.00764249 -0.00580967 
v 0.0162 -0.00696956 -0.00660191 
v 0.0162 -0.00621491 -0.00731676 
v 0.0162 -0.0053874 -0.00794581 
v 0.0162 -0.00449672 -0.00848172 
v 0.0162 -0.00355333 -0.00891818 
v 0.0162 -0.00256827 -0.00925008 
v 0.0162 -0.00155311 -0.00947353 
v 0.0162 -0.000519734 -0.00958592 
v 0.0162 0.000519734 -0.00958592 
v 0.0162 0.00155311 -0.00947353 
v 0.0162 0.00256827 -0.00925008 
v 0.0162 0.00355333 -0.00891818 
v 0.0162 0.00449672 -0.00848172 
v 0.0162 0.0053874 -0.00794581 
v 0.0162 0.00621491 -0.00731676 
v 0.0162 0.00696956 -0.00660191 
v 0.0162 0.00764249 -0.00580967 
v 0.0162 0.00822583 -0.00494932 
v 0.0162 0.00871272 -0.00403094 
v 0.0162 0.00909747 -0.00306529 
v 0.0162 0.00937556 -0.00206372 
v 0.0162 0.00954372 -0.00103794 
v 0.0162 0.0096 -1.17566e-18 
v 0.0162 0.00954372 0.00103794 
v 0.0162 0.00937556 0.00206372 
v 0.0162 0.00909747 0.00306529 
v 0.0162 0.00871272 0.00403094 
v 0.0162 0.00822583 0.00494932 
v 0.0162 0.00764249 0.00580967 
v 0.0162 0.00696956 0.00660191 
v 0.0162 0.00621491 0.00731676 
v 0.0162 0.0053874 0.00794581 
v 0.0162 0.00449672 0.00848172 
v 0.0162 0.00355333 0.00891818 
v 0.0162 0.00256827 0.00925008 
v 0.0162 0.00155311 0.00947353 
v 0.0162 0.000519734 0.00958592 
v 0.0162 -0.000519734 0.00958592 
v 0.0162 -0.00155311 0.00947353 
v 0.0162 -0.00256827 0.00925008 
v 0.0162 -0.00355333 0.00891818 
v 0.0162 -0.00449672 0.00848172 
v 0.0162 -0.0053874 0.00794581 
v 0.0162 -0.00621491 0.00731676 
v 0.0162 -0.00696956 0.00660191 
v 0.0162 -0.00764249 0.00580967 
v 0.0162 -0.00822583 0.00494932 
v 0.0162 -0.00871272 0.00403094 
v 0.0162 -0.00909747 0.00306529 
v 0.0162 -0.00937556 0.00206372 
v 0.0162 -0.00954372 0.00103794 
v 0.0162 5.8783e-19 0 
vn -1 0 0 
vn 0 -1 0 
vn 0 -0.994138 -0.108119 
vn 0 -0.976621 -0.21497 
vn 0 -0.947653 -0.319302 
vn 0 -0.907575 -0.419889 
vn 0 -0.856857 -0.515554 
vn 0 -0.796093 -0.605174 
vn 0 -0.725995 -0.687699 
vn 0 -0.647386 -0.762162 
vn 0 -0.561187 -0.827689 
vn 0 -0.468408 -0.883512 
vn 0 -0.370138 -0.928977 
vn 0 -0.267528 -0.96355 
vn 0 -0.161782 -0.986827 
vn 0 -0.0541389 -0.998533 
vn 0 0.0541389 -0.998533 
vn 0 0.161782 -0.986827 
vn 0 0.267528 -0.96355 
vn 0 0.370138 -0.928977 
vn 0 0.468408 -0.883512 
vn 0 0.561187 -0.827689 
vn 0 0.647386 -0.762162 
vn 0 0.725995 -0.687699 
vn 0 0.796093 -0.605174 
vn 0 0.856857 -0.515554 
vn 0 0.907575 -0.419889 
vn 0 0.947653 -0.319302 
vn 0 0.976621 -0.21497 
vn 0 0.994138 -0.108119 
vn 0 1 -1.22465e-16 
vn 0 0.994138 0.108119 
vn 0 0.976621 0.21497 
vn 0 0.947653 0.319302 
vn 0 0.907575 0.419889 
vn 0 0.856857 0.515554 
vn 0 0.796093 0.605174 
vn 0 0.725995 0.687699 
vn 0 0.647386 0.762162 
vn 0 0.561187 0.827689 
vn 0 0.468408 0.883512 
vn 0 0.370138 0.928977 
vn 0 0.267528 0.96355 
vn 0 0.161782 0.986827 
vn 0 0.0541389 0.998533 
vn 0 -0.0541389 0.998533 
vn 0 -0.161782 0.986827 
vn 0 -0.267528 0.96355 
vn 0 -0.370138 0.928977 
vn 0 -0.468408 0.883512 
vn 0 -0.561187 0.827689 
vn 0 -0.647386 0.762162 
vn 0 -0.725995 0.687699 
vn 0 -0.796093 0.605174 
vn 0 -0.856857 0.515554 
vn 0 -0.907575 0.419889 
vn 0 -0.947653 0.319302 
vn 0 -0.976621 0.21497 
vn 0 -0.994138 0.108119 
vn 1 0 0 
g Exhaust
usemtl 0.913725_0.647059_0.329412_0.000000_0.000000
f 875//474 817//474 818//474 
f 818//474 819//474 875//474 
f 819//474 820//474 875//474 
f 820//474 821//474 875//474 
f 821//474 822//474 875//474 
f 822//474 823//474 875//474 
f 823//474 824//474 875//474 
f 824//474 825//474 875//474 
f 825//474 826//474 875//474 
f 826//474 827//474 875//474 
f 827//474 828//474 875//474 
f 828//474 829//474 875//474 
f 829//474 830//474 875//474 
f 830//474 831//474 875//474 
f 831//474 832//474 875//474 
f 832//474 833//474 875//474 
f 833//474 834//474 875//474 
f 834//474 835//474 875//474 
f 835//474 836//474 875//474 
f 836//474 837//474 875//474 
f 837//474 838//474 875//474 
f 838//474 839//474 875//474 
f 839//474 840//474 875//474 
f 840//474 841//474 875//474 
f 841//474 842//474 875//474 
f 842//474 843//474 875//474 
f 843//474 844//474 875//474 
f 844//474 845//474 875//474 
f 845//474 846//474 875//474 
f 846//474 847//474 875//474 
f 847//474 848//474 875//474 
f 848//474 849//474 875//474 
f 849//474 850//474 875//474 
f 850//474 851//474 875//474 
f 851//474 852//474 875//474 
f 852//474 853//474 875//474 
f 853//474 854//474 875//474 
f 854//474 855//474 875//474 
f 855//474 856//474 875//474 
f 856//474 857//474 875//474 
f 857//474 858//474 875//474 
f 858//474 859//474 875//474 
f 859//474 860//474 875//474 
f 860//474 861//474 875//474 
f 861//474 862//474 875//474 
f 862//474 863//474 875//474 
f 863//474 864//474 875//474 
f 864//474 865//474 875//474 
f 865//474 866//474 875//474 
f 866//474 867//474 875//474 
f 867//474 868//474 875//474 
f 868//474 869//474 875//474 
f 869//474 870//474 875//474 
f 870//474 871//474 875//474 
f 871//474 872//474 875//474 
f 872//474 873//474 875//474 
f 873//474 874//474 875//474 
f 874//474 817//474 875//474 
f 876//475 874//475 873//476 
f 877//476 873//476 872//477 
f 878//477 872//477 871//478 
f 879//478 871//478 870//479 
f 880//479 870//479 869//480 
f 881//480 869//480 868//481 
f 882//481 868//481 867//482 
f 883//482 867//482 866//483 
f 884//483 866//483 865//484 
f 885//484 865//484 864//485 
f 886//485 864//485 863//486 
f 887//486 863//486 862//487 
f 888//487 862//487 861//488 
f 889//488 861//488 860//489 
f 890//489 860//489 859//490 
f 891//490 859//490 858//491 
f 892//491 858//491 857//492 
f 893//492 857//492 856//493 
f 894//493 856//493 855//494 
f 895//494 855//494 854//495 
f 896//495 854//495 853//496 
f 897//496 853//496 852//497 
f 898//497 852//497 851//498 
f 899//498 851//498 850//499 
f 900//499 850//499 849//500 
f 901//500 849//500 848//501 
f 902//501 848//501 847//502 
f 903//502 847//502 846//503 
f 904//503 846//503 845//504 
f 905//504 845//504 844//505 
f 906//505 844//505 843//506 
f 907//506 843//506 842//507 
f 908//507 842//507 841//508 
f 909//508 841//508 840//509 
f 910//509 840//509 839//510 
f 911//510 839//510 838//511 
f 912//511 838//511 837//512 
f 913//512 837//512 836//513 
f 914//513 836//513 835//514 
f 915//514 835//514 834//515 
f 916//515 834//515 833//516 
f 917//516 833//516 832//517 
f 918//517 832//517 831//518 
f 919//518 831//518 830//519 
f 920//519 830//519 829//520 
f 921//520 829//520 828//521 
f 922//521 828//521 827//522 
f 923//522 827//522 826//523 
f 924//523 826//523 825//524 
f 925//524 825//524 824//525 
f 926//525 824//525 823//526 
f 927//526 823//526 822//527 
f 928//527 822//527 821//528 
f 929//528 821//528 820//529 
f 930//529 820//529 819//530 
f 931//530 819//530 818//531 
f 932//531 818//531 817//532 
f 933//532 817//532 874//475 
f 874//475 876//475 933//532 
f 817//532 933//532 932//531 
f 818//531 932//531 931//530 
f 819//530 931//530 930//529 
f 820//529 930//529 929//528 
f 821//528 929//528 928//527 
f 822//527 928//527 927//526 
f 823//526 927//526 926//525 
f 824//525 926//525 925//524 
f 825//524 925//524 924//523 
f 826//523 924//523 923//522 
f 827//522 923//522 922//521 
f 828//521 922//521 921//520 
f 829//520 921//520 920//519 
f 830//519 920//519 919//518 
f 831//518 919//518 918//517 
f 832//517 918//517 917//516 
f 833//516 917//516 916//515 
f 834//515 916//515 915//514 
f 835//514 915//514 914//513 
f 836//513 914//513 913//512 
f 837//512 913//512 912//511 
f 838//511 912//511 911//510 
f 839//510 911//510 910//509 
f 840//509 910//509 909//508 
f 841//508 909//508 908//507 
f 842//507 908//507 907//506 
f 843//506 907//506 906//505 
f 844//505 906//505 905//504 
f 845//504 905//504 904//503 
f 846//503 904//503 903//502 
f 847//502 903//502 902//501 
f 848//501 902//501 901//500 
f 849//500 901//500 900//499 
f 850//499 900//499 899//498 
f 851//498 899//498 898//497 
f 852//497 898//497 897//496 
f 853//496 897//496 896//495 
f 854//495 896//495 895//494 
f 855//494 895//494 894//493 
f 856//493 894//493 893//492 
f 857//492 893//492 892//491 
f 858//491 892//491 891//490 
f 859//490 891//490 890//489 
f 860//489 890//489 889//488 
f 861//488 889//488 888//487 
f 862//487 888//487 887//486 
f 863//486 887//486 886//485 
f 864//485 886//485 885//484 
f 865//484 885//484 884//483 
f 866//483 884//483 883//482 
f 867//482 883//482 882//481 
f 868//481 882//481 881//480 
f 869//480 881//480 880//479 
f 870//479 880//479 879//478 
f 871//478 879//478 878//477 
f 872//477 878//477 877//476 
f 873//476 877//476 876//475 
f 934//533 935//534 936//535 
f 937//536 938//537 935//534 
f 939//538 940//539 938//537 
f 941//540 942//541 940//539 
f 943//542 944//543 942//541 
f 945//544 946//545 944//543 
f 947//546 948//547 946//545 
f 949//548 950//549 948//547 
f 951//550 952//551 950//549 
f 953//552 954//553 952//551 
f 955//554 956//555 954//553 
f 957//556 958//557 956//555 
f 959//558 960//559 958//557 
f 961//560 962//561 960//559 
f 963//562 964//563 962//561 
f 965//564 966//565 964//563 
f 967//566 968//567 966//565 
f 969//568 970//569 968//567 
f 971//570 972//571 970//569 
f 973//572 974//573 972//571 
f 975//574 976//575 974//573 
f 977//576 978//577 976//575 
f 979//578 980//579 978//577 
f 981//580 982//581 980//579 
f 983//582 984//583 982//581 
f 985//584 986//585 984//583 
f 987//586 988//587 986//585 
f 989//588 990//589 988//587 
f 991//590 992//591 990//589 
f 993//592 994//593 992//591 
f 995//594 996//595 994//593 
f 997//596 998//597 996//595 
f 999//598 1000//599 998//597 
f 1001//600 1002//601 1000//599 
f 1003//602 1004//603 1002//601 
f 1005//604 1006//605 1004//603 
f 1007//606 1008//607 1006//605 
f 1009//608 1010//609 1008//607 
f 1011//610 1012//611 1010//609 
f 1013//612 1014//613 1012//611 
f 1015//614 1016//615 1014//613 
f 1017//616 1018//617 1016//615 
f 1019//618 1020//619 1018//617 
f 1021//620 1022//621 1020//619 
f 1023//622 1024//623 1022//621 
f 1025//624 1026//625 1024//623 
f 1027//626 1028//627 1026//625 
f 1029//628 1030//629 1028//627 
f 1031//630 1032//631 1030//629 
f 1033//632 1034//633 1032//631 
f 1035//634 1036//635 1034//633 
f 1037//636 1038//637 1036//635 
f 1039//638 1040//639 1038//637 
f 1041//640 1042//641 1040//639 
f 1043//642 1044//643 1042//641 
f 1045//644 1046//645 1044//643 
f 1047//646 1048//647 1046//645 
f 1049//648 936//535 1048//647 
f 1050//649 934//533 1049//648 
f 1051//650 937//536 934//533 
f 1052//651 939//538 937//536 
f 1053//652 941//540 939//538 
f 1054//653 943//542 941//540 
f 1055//654 945//544 943//542 
f 1056//655 947//546 945//544 
f 1057//656 949//548 947//546 
f 1058//657 951//550 949//548 
f 1059//658 953//552 951//550 
f 1060//659 955//554 953//552 
f 1061//660 957//556 955//554 
f 1062//661 959//558 957//556 
f 1063//662 961//560 959//558 
f 1064//663 963//562 961//560 
f 1065//664 965//564 963//562 
f 1066//665 967//566 965//564 
f 1067//666 969//568 967//566 
f 1068//667 971//570 969//568 
f 1069//668 973//572 971//570 
f 1070//669 975//574 973//572 
f 1071//670 977//576 975//574 
f 1072//671 979//578 977//576 
f 1073//672 981//580 979//578 
f 1074//673 983//582 981//580 
f 1075//674 985//584 983//582 
f 1076//675 987//586 985//584 
f 1077//676 989//588 987//586 
f 1078//677 991//590 989//588 
f 1079//678 993//592 991//590 
f 1080//679 995//594 993//592 
f 1081//680 997//596 995//594 
f 1082//681 999//598 997//596 
f 1083//682 1001//600 999//598 
f 1084//683 1003//602 1001//600 
f 1085//684 1005//604 1003//602 
f 1086//685 1007//606 1005//604 
f 1087//686 1009//608 1007//606 
f 1088//687 1011//610 1009//608 
f 1089//688 1013//612 1011//610 
f 1090//689 1015//614 1013//612 
f 1091//690 1017//616 1015//614 
f 1092//691 1019//618 1017//616 
f 1093//692 1021//620 1019//618 
f 1094//693 1023//622 1021//620 
f 1095//694 1025//624 1023//622 
f 1096//695 1027//626 1025//624 
f 1097//696 1029//628 1027//626 
f 1098//697 1031//630 1029//628 
f 1099//698 1033//632 1031//630 
f 1100//699 1035//634 1033//632 
f 1101//700 1037//636 1035//634 
f 1102//701 1039//638 1037//636 
f 1103//702 1041//640 1039//638 
f 1104//703 1043//642 1041//640 
f 1105//704 1045//644 1043//642 
f 1106//705 1047//646 1045//644 
f 1107//706 1049//648 1047//646 
f 1108//707 1050//649 1107//706 
f 1109//708 1051//650 1050//649 
f 1110//709 1052//651 1051//650 
f 1111//710 1053//652 1052//651 
f 1112//711 1054//653 1053//652 
f 1113//712 1055//654 1054//653 
f 1114//713 1056//655 1055//654 
f 1115//714 1057//656 1056//655 
f 1116//715 1058//657 1057//656 
f 1117//716 1059//658 1058//657 
f 1118//717 1060//659 1059//658 
f 1119//718 1061//660 1060//659 
f 1120//719 1062//661 1061//660 
f 1121//720 1063//662 1062//661 
f 1122//721 1064//663 1063//662 
f 1123//722 1065//664 1064//663 
f 1124//723 1066//665 1065//664 
f 1125//724 1067//666 1066//665 
f 1126//725 1068//667 1067//666 
f 1127//726 1069//668 1068//667 
f 1128//727 1070//669 1069//668 
f 1129//728 1071//670 1070//669 
f 1130//729 1072//671 1071//670 
f 1131//730 1073//672 1072//671 
f 1132//731 1074//673 1073//672 
f 1133//732 1075//674 1074//673 
f 1134//733 1076//675 1075//674 
f 1135//734 1077//676 1076//675 
f 1136//735 1078//677 1077//676 
f 1137//736 1079//678 1078//677 
f 1138//737 1080//679 1079//678 
f 1139//738 1081//680 1080//679 
f 1140//739 1082//681 1081//680 
f 1141//740 1083//682 1082//681 
f 1142//741 1084//683 1083//682 
f 1143//742 1085//684 1084//683 
f 1144//743 1086//685 1085//684 
f 1145//744 1087//686 1086//685 
f 1146//745 1088//687 1087//686 
f 1147//746 1089//688 1088//687 
f 1148//747 1090//689 1089//688 
f 1149//748 1091//690 1090//689 
f 1150//749 1092//691 1091//690 
f 1151//750 1093//692 1092//691 
f 1152//751 1094//693 1093//692 
f 1153//752 1095//694 1094//693 
f 1154//753 1096//695 1095//694 
f 1155//754 1097//696 1096//695 
f 1156//755 1098//697 1097//696 
f 1157//756 1099//698 1098//697 
f 1158//757 1100//699 1099//698 
f 1159//758 1101//700 1100//699 
f 1160//759 1102//701 1101//700 
f 1161//760 1103//702 1102//701 
f 1162//761 1104//703 1103//702 
f 1163//762 1105//704 1104//703 
f 1164//763 1106//705 1105//704 
f 1165//764 1107//706 1106//705 
f 1166//765 1108//707 1165//764 
f 1167//766 1109//708 1108//707 
f 1168//767 1110//709 1109//708 
f 1169//768 1111//710 1110//709 
f 1170//769 1112//711 1111//710 
f 1171//770 1113//712 1112//711 
f 1172//771 1114//713 1113//712 
f 1173//772 1115//714 1114//713 
f 1174//773 1116//715 1115//714 
f 1175//774 1117//716 1116//715 
f 1176//775 1118//717 1117//716 
f 1177//776 1119//718 1118//717 
f 1178//777 1120//719 1119//718 
f 1179//778 1121//720 1120//719 
f 1180//779 1122//721 1121//720 
f 1181//780 1123//722 1122//721 
f 1182//781 1124//723 1123//722 
f 1183//782 1125//724 1124//723 
f 1184//783 1126//725 1125//724 
f 1185//784 1127//726 1126//725 
f 1186//785 1128//727 1127//726 
f 1187//786 1129//728 1128//727 
f 1188//787 1130//729 1129//728 
f 1189//788 1131//730 1130//729 
f 1190//789 1132//731 1131//730 
f 1191//790 1133//732 1132//731 
f 1192//791 1134//733 1133//732 
f 1193//792 1135//734 1134//733 
f 1194//793 1136//735 1135//734 
f 1195//794 1137//736 1136//735 
f 1196//795 1138//737 1137//736 
f 1197//796 1139//738 1138//737 
f 1198//797 1140//739 1139//738 
f 1199//798 1141//740 1140//739 
f 1200//799 1142//741 1141//740 
f 1201//800 1143//742 1142//741 
f 1202//801 1144//743 1143//742 
f 1203//802 1145//744 1144//743 
f 1204//803 1146//745 1145//744 
f 1205//804 1147//746 1146//745 
f 1206//805 1148//747 1147//746 
f 1207//806 1149//748 1148//747 
f 1208//807 1150//749 1149//748 
f 1209//808 1151//750 1150//749 
f 1210//809 1152//751 1151//750 
f 1211//810 1153//752 1152//751 
f 1212//811 1154//753 1153//752 
f 1213//812 1155//754 1154//753 
f 1214//813 1156//755 1155//754 
f 1215//814 1157//756 1156//755 
f 1216//815 1158//757 1157//756 
f 1217//816 1159//758 1158//757 
f 1218//817 1160//759 1159//758 
f 1219//818 1161//760 1160//759 
f 1220//819 1162//761 1161//760 
f 1221//820 1163//762 1162//761 
f 1222//821 1164//763 1163//762 
f 1223//822 1165//764 1164//763 
f 1224//823 1166//765 1223//822 
f 1225//824 1167//766 1166//765 
f 1226//825 1168//767 1167//766 
f 1227//826 1169//768 1168//767 
f 1228//827 1170//769 1169//768 
f 1229//828 1171//770 1170//769 
f 1230//829 1172//771 1171//770 
f 1231//830 1173//772 1172//771 
f 1232//831 1174//773 1173//772 
f 1233//832 1175//774 1174//773 
f 1234//833 1176//775 1175//774 
f 1235//834 1177//776 1176//775 
f 1236//835 1178//777 1177//776 
f 1237//836 1179//778 1178//777 
f 1238//837 1180//779 1179//778 
f 1239//838 1181//780 1180//779 
f 1240//839 1182//781 1181//780 
f 1241//840 1183//782 1182//781 
f 1242//841 1184//783 1183//782 
f 1243//842 1185//784 1184//783 
f 1244//843 1186//785 1185//784 
f 1245//844 1187//786 1186//785 
f 1246//845 1188//787 1187//786 
f 1247//846 1189//788 1188//787 
f 1248//847 1190//789 1189//788 
f 1249//848 1191//790 1190//789 
f 1250//849 1192//791 1191//790 
f 1251//850 1193//792 1192//791 
f 1252//851 1194//793 1193//792 
f 1253//852 1195//794 1194//793 
f 1254//853 1196//795 1195//794 
f 1255//854 1197//796 1196//795 
f 1256//855 1198//797 1197//796 
f 1257//856 1199//798 1198//797 
f 1258//857 1200//799 1199//798 
f 1259//858 1201//800 1200//799 
f 1260//859 1202//801 1201//800 
f 1261//860 1203//802 1202//801 
f 1262//861 1204//803 1203//802 
f 1263//862 1205//804 1204//803 
f 1264//863 1206//805 1205//804 
f 1265//864 1207//806 1206//805 
f 1266//865 1208//807 1207//806 
f 1267//866 1209//808 1208//807 
f 1268//867 1210//809 1209//808 
f 1269//868 1211//810 1210//809 
f 1270//869 1212//811 1211//810 
f 1271//870 1213//812 1212//811 
f 1272//871 1214//813 1213//812 
f 1273//872 1215//814 1214//813 
f 1274//873 1216//815 1215//814 
f 1275//874 1217//816 1216//815 
f 1276//875 1218//817 1217//816 
f 1277//876 1219//818 1218//817 
f 1278//877 1220//819 1219//818 
f 1279//878 1221//820 1220//819 
f 1280//879 1222//821 1221//820 
f 1281//880 1223//822 1222//821 
f 1282//881 1224//823 1281//880 
f 1283//882 1225//824 1224//823 
f 1284//883 1226//825 1225//824 
f 1285//884 1227//826 1226//825 
f 1286//885 1228//827 1227//826 
f 1287//886 1229//828 1228//827 
f 1288//887 1230//829 1229//828 
f 1289//888 1231//830 1230//829 
f 1290//889 1232//831 1231//830 
f 1291//890 1233//832 1232//831 
f 1292//891 1234//833 1233//832 
f 1293//892 1235//834 1234//833 
f 1294//893 1236//835 1235//834 
f 1295//894 1237//836 1236//835 
f 1296//895 1238//837 1237//836 
f 1297//896 1239//838 1238//837 
f 1298//897 1240//839 1239//838 
f 1299//898 1241//840 1240//839 
f 1300//899 1242//841 1241//840 
f 1301//900 1243//842 1242//841 
f 1302//901 1244//843 1243//842 
f 1303//902 1245//844 1244//843 
f 1304//903 1246//845 1245//844 
f 1305//904 1247//846 1246//845 
f 1306//905 1248//847 1247//846 
f 1307//906 1249//848 1248//847 
f 1308//907 1250//849 1249//848 
f 1309//908 1251//850 1250//849 
f 1310//909 1252//851 1251//850 
f 1311//910 1253//852 1252//851 
f 1312//911 1254//853 1253//852 
f 1313//912 1255//854 1254//853 
f 1314//913 1256//855 1255//854 
f 1315//914 1257//856 1256//855 
f 1316//915 1258//857 1257//856 
f 1317//916 1259//858 1258//857 
f 1318//917 1260//859 1259//858 
f 1319//918 1261//860 1260//859 
f 1320//919 1262//861 1261//860 
f 1321//920 1263//862 1262//861 
f 1322//921 1264//863 1263//862 
f 1323//922 1265//864 1264//863 
f 1324//923 1266//865 1265//864 
f 1325//924 1267//866 1266//865 
f 1326//925 1268//867 1267//866 
f 1327//926 1269//868 1268//867 
f 1328//927 1270//869 1269//868 
f 1329//928 1271//870 1270//869 
f 1330//929 1272//871 1271//870 
f 1331//930 1273//872 1272//871 
f 1332//931 1274//873 1273//872 
f 1333//932 1275//874 1274//873 
f 1334//933 1276//875 1275//874 
f 1335//934 1277//876 1276//875 
f 1336//935 1278//877 1277//876 
f 1337//936 1279//878 1278//877 
f 1338//937 1280//879 1279//878 
f 1339//938 1281//880 1280//879 
f 1340//939 1282//881 1339//938 
f 1341//940 1283//882 1282//881 
f 1342//941 1284//883 1283//882 
f 1343//942 1285//884 1284//883 
f 1344//943 1286//885 1285//884 
f 1345//944 1287//886 1286//885 
f 1346//945 1288//887 1287//886 
f 1347//946 1289//888 1288//887 
f 1348//947 1290//889 1289//888 
f 1349//948 1291//890 1290//889 
f 1350//949 1292//891 1291//890 
f 1351//950 1293//892 1292//891 
f 1352//951 1294//893 1293//892 
f 1353//952 1295//894 1294//893 
f 1354//953 1296//895 1295//894 
f 1355//954 1297//896 1296//895 
f 1356//955 1298//897 1297//896 
f 1357//956 1299//898 1298//897 
f 1358//957 1300//899 1299//898 
f 1359//958 1301//900 1300//899 
f 1360//959 1302//901 1301//900 
f 1361//960 1303//902 1302//901 
f 1362//961 1304//903 1303//902 
f 1363//962 1305//904 1304//903 
f 1364//963 1306//905 1305//904 
f 1365//964 1307//906 1306//905 
f 1366//965 1308//907 1307//906 
f 1367//966 1309//908 1308//907 
f 1368//967 1310//909 1309//908 
f 1369//968 1311//910 1310//909 
f 1370//969 1312//911 1311//910 
f 1371//970 1313//912 1312//911 
f 1372//971 1314//913 1313//912 
f 1373//972 1315//914 1314//913 
f 1374//973 1316//915 1315//914 
f 1375//974 1317//916 1316//915 
f 1376//975 1318//917 1317//916 
f 1377//976 1319//918 1318//917 
f 1378//977 1320//919 1319//918 
f 1379//978 1321//920 1320//919 
f 1380//979 1322//921 1321//920 
f 1381//980 1323//922 1322//921 
f 1382//981 1324//923 1323//922 
f 1383//982 1325//924 1324//923 
f 1384//983 1326//925 1325//924 
f 1385//984 1327//926 1326//925 
f 1386//985 1328//927 1327//926 
f 1387//986 1329//928 1328//927 
f 1388//987 1330//929 1329//928 
f 1389//988 1331//930 1330//929 
f 1390//989 1332//931 1331//930 
f 1391//990 1333//932 1332//931 
f 1392//991 1334//933 1333//932 
f 1393//992 1335//934 1334//933 
f 1394//993 1336//935 1335//934 
f 1395//994 1337//936 1336//935 
f 1396//995 1338//937 1337//936 
f 1397//996 1339//938 1338//937 
f 1398//997 1340//939 1397//996 
f 1399//998 1341//940 1340//939 
f 1400//999 1342//941 1341//940 
f 1401//1000 1343//942 1342//941 
f 1402//1001 1344//943 1343//942 
f 1403//1002 1345//944 1344//943 
f 1404//1003 1346//945 1345//944 
f 1405//1004 1347//946 1346//945 
f 1406//1005 1348//947 1347//946 
f 1407//1006 1349//948 1348//947 
f 1408//1007 1350//949 1349//948 
f 1409//1008 1351//950 1350//949 
f 1410//1009 1352//951 1351//950 
f 1411//1010 1353//952 1352//951 
f 1412//1011 1354//953 1353//952 
f 1413//1012 1355//954 1354//953 
f 1414//1013 1356//955 1355//954 
f 1415//1014 1357//956 1356//955 
f 1416//1015 1358//957 1357//956 
f 1417//1016 1359//958 1358//957 
f 1418//1017 1360//959 1359//958 
f 1419//1018 1361//960 1360//959 
f 1420//1019 1362//961 1361//960 
f 1421//1020 1363//962 1362//961 
f 1422//1021 1364//963 1363//962 
f 1423//1022 1365//964 1364//963 
f 1424//1023 1366//965 1365//964 
f 1425//1024 1367//966 1366//965 
f 1426//1025 1368//967 1367//966 
f 1427//1026 1369//968 1368//967 
f 1428//1027 1370//969 1369//968 
f 1429//1028 1371//970 1370//969 
f 1430//1029 1372//971 1371//970 
f 1431//1030 1373//972 1372//971 
f 1432//1031 1374//973 1373//972 
f 1433//1032 1375//974 1374//973 
f 1434//1033 1376//975 1375//974 
f 1435//1034 1377//976 1376//975 
f 1436//1035 1378//977 1377//976 
f 1437//1036 1379//978 1378//977 
f 1438//1037 1380//979 1379//978 
f 1439//1038 1381//980 1380//979 
f 1440//1039 1382//981 1381//980 
f 1441//1040 1383//982 1382//981 
f 1442//1041 1384//983 1383//982 
f 1443//1042 1385//984 1384//983 
f 1444//1043 1386//985 1385//984 
f 1445//1044 1387//986 1386//985 
f 1446//1045 1388//987 1387//986 
f 1447//1046 1389//988 1388//987 
f 1448//1047 1390//989 1389//988 
f 1449//1048 1391//990 1390//989 
f 1450//1049 1392//991 1391//990 
f 1451//1050 1393//992 1392//991 
f 1452//1051 1394//993 1393//992 
f 1453//1052 1395//994 1394//993 
f 1454//1053 1396//995 1395//994 
f 1455//1054 1397//996 1396//995 
f 1456//1055 1398//997 1455//1054 
f 1457//1056 1399//998 1398//997 
f 1458//1057 1400//999 1399//998 
f 1459//1058 1401//1000 1400//999 
f 1460//1059 1402//1001 1401//1000 
f 1461//1060 1403//1002 1402//1001 
f 1462//1061 1404//1003 1403//1002 
f 1463//1062 1405//1004 1404//1003 
f 1464//1063 1406//1005 1405//1004 
f 1465//1064 1407//1006 1406//1005 
f 1466//1065 1408//1007 1407//1006 
f 1467//1066 1409//1008 1408//1007 
f 1468//1067 1410//1009 1409//1008 
f 1469//1068 1411//1010 1410//1009 
f 1470//1069 1412//1011 1411//1010 
f 1471//1070 1413//1012 1412//1011 
f 1472//1071 1414//1013 1413//1012 
f 1473//1072 1415//1014 1414//1013 
f 1474//1073 1416//1015 1415//1014 
f 1475//1074 1417//1016 1416//1015 
f 1476//1075 1418//1017 1417//1016 
f 1477//1076 1419//1018 1418//1017 
f 1478//1077 1420//1019 1419//1018 
f 1479//1078 1421//1020 1420//1019 
f 1480//1079 1422//1021 1421//1020 
f 1481//1080 1423//1022 1422//1021 
f 1482//1081 1424//1023 1423//1022 
f 1483//1082 1425//1024 1424//1023 
f 1484//1083 1426//1025 1425//1024 
f 1485//1084 1427//1026 1426//1025 
f 1486//1085 1428//1027 1427//1026 
f 1487//1086 1429//1028 1428//1027 
f 1488//1087 1430//1029 1429//1028 
f 1489//1088 1431//1030 1430//1029 
f 1490//1089 1432//1031 1431//1030 
f 1491//1090 1433//1032 1432//1031 
f 1492//1091 1434//1033 1433//1032 
f 1493//1092 1435//1034 1434//1033 
f 1494//1093 1436//1035 1435//1034 
f 1495//1094 1437//1036 1436//1035 
f 1496//1095 1438//1037 1437//1036 
f 1497//1096 1439//1038 1438//1037 
f 1498//1097 1440//1039 1439//1038 
f 1499//1098 1441//1040 1440//1039 
f 1500//1099 1442//1041 1441//1040 
f 1501//1100 1443//1042 1442//1041 
f 1502//1101 1444//1043 1443//1042 
f 1503//1102 1445//1044 1444//1043 
f 1504//1103 1446//1045 1445//1044 
f 1505//1104 1447//1046 1446//1045 
f 1506//1105 1448//1047 1447//1046 
f 1507//1106 1449//1048 1448//1047 
f 1508//1107 1450//1049 1449//1048 
f 1509//1108 1451//1050 1450//1049 
f 1510//1109 1452//1051 1451//1050 
f 1511//1110 1453//1052 1452//1051 
f 1512//1111 1454//1053 1453//1052 
f 1513//1112 1455//1054 1454//1053 
f 1514//1113 1456//1055 1513//1112 
f 1515//1114 1457//1056 1456//1055 
f 1516//1115 1458//1057 1457//1056 
f 1517//1116 1459//1058 1458//1057 
f 1518//1117 1460//1059 1459//1058 
f 1519//1118 1461//1060 1460//1059 
f 1520//1119 1462//1061 1461//1060 
f 1521//1120 1463//1062 1462//1061 
f 1522//1121 1464//1063 1463//1062 
f 1523//1122 1465//1064 1464//1063 
f 1524//1123 1466//1065 1465//1064 
f 1525//1124 1467//1066 1466//1065 
f 1526//1125 1468//1067 1467//1066 
f 1527//1126 1469//1068 1468//1067 
f 1528//1127 1470//1069 1469//1068 
f 1529//1128 1471//1070 1470//1069 
f 1530//1129 1472//1071 1471//1070 
f 1531//1130 1473//1072 1472//1071 
f 1532//1131 1474//1073 1473//1072 
f 1533//1132 1475//1074 1474//1073 
f 1534//1133 1476//1075 1475//1074 
f 1535//1134 1477//1076 1476//1075 
f 1536//1135 1478//1077 1477//1076 
f 1537//1136 1479//1078 1478//1077 
f 1538//1137 1480//1079 1479//1078 
f 1539//1138 1481//1080 1480//1079 
f 1540//1139 1482//1081 1481//1080 
f 1541//1140 1483//1082 1482//1081 
f 1542//1141 1484//1083 1483//1082 
f 1543//1142 1485//1084 1484//1083 
f 1544//1143 1486//1085 1485//1084 
f 1545//1144 1487//1086 1486//1085 
f 1546//1145 1488//1087 1487//1086 
f 1547//1146 1489//1088 1488//1087 
f 1548//1147 1490//1089 1489//1088 
f 1549//1148 1491//1090 1490//1089 
f 1550//1149 1492//1091 1491//1090 
f 1551//1150 1493//1092 1492//1091 
f 1552//1151 1494//1093 1493//1092 
f 1553//1152 1495//1094 1494//1093 
f 1554//1153 1496//1095 1495//1094 
f 1555//1154 1497//1096 1496//1095 
f 1556//1155 1498//1097 1497//1096 
f 1557//1156 1499//1098 1498//1097 
f 1558//1157 1500//1099 1499//1098 
f 1559//1158 1501//1100 1500//1099 
f 1560//1159 1502//1101 1501//1100 
f 1561//1160 1503//1102 1502//1101 
f 1562//1161 1504//1103 1503//1102 
f 1563//1162 1505//1104 1504//1103 
f 1564//1163 1506//1105 1505//1104 
f 1565//1164 1507//1106 1506//1105 
f 1566//1165 1508//1107 1507//1106 
f 1567//1166 1509//1108 1508//1107 
f 1568//1167 1510//1109 1509//1108 
f 1569//1168 1511//1110 1510//1109 
f 1570//1169 1512//1111 1511//1110 
f 1571//1170 1513//1112 1512//1111 
f 1514//1113 1571//1170 876//1171 
f 1514//1113 877//1172 878//1173 
f 1515//1114 878//1173 879//1174 
f 1517//1116 1516//1115 879//1174 
f 1517//1116 880//1175 881//1176 
f 1518//1117 881//1176 882//1177 
f 1520//1119 1519//1118 882//1177 
f 1520//1119 883//1178 884//1179 
f 1521//1120 884//1179 885//1180 
f 1522//1121 885//1180 886//1181 
f 1523//1122 886//1181 887//1182 
f 1524//1123 887//1182 888//1183 
f 1525//1124 888//1183 889//1184 
f 1527//1126 1526//1125 889//1184 
f 1527//1126 890//1185 891//1186 
f 1528//1127 891//1186 892//1187 
f 1529//1128 892//1187 893//1188 
f 1530//1129 893//1188 894//1189 
f 1532//1131 1531//1130 894//1189 
f 1532//1131 895//1190 896//1191 
f 1533//1132 896//1191 897//1192 
f 1534//1133 897//1192 898//1193 
f 1535//1134 898//1193 899//1194 
f 1537//1136 1536//1135 899//1194 
f 1537//1136 900//1195 901//1196 
f 1539//1138 1538//1137 901//1196 
f 1540//1139 1539//1138 902//1197 
f 1540//1139 903//1198 904//1199 
f 1541//1140 904//1199 905//1200 
f 1543//1142 1542//1141 905//1200 
f 1543//1142 906//1201 907//1202 
f 1544//1143 907//1202 908//1203 
f 1546//1145 1545//1144 908//1203 
f 1547//1146 1546//1145 909//1204 
f 1548//1147 1547//1146 910//1205 
f 1548//1147 911//1206 912//1207 
f 1550//1149 1549//1148 912//1207 
f 1551//1150 1550//1149 913//1208 
f 1552//1151 1551//1150 914//1209 
f 1553//1152 1552//1151 915//1210 
f 1554//1153 1553//1152 916//1211 
f 1555//1154 1554//1153 917//1212 
f 1556//1155 1555//1154 918//1213 
f 1557//1156 1556//1155 919//1214 
f 1557//1156 920//1215 921//1216 
f 1559//1158 1558//1157 921//1216 
f 1560//1159 1559//1158 922//1217 
f 1561//1160 1560//1159 923//1218 
f 1562//1161 1561//1160 924//1219 
f 1563//1162 1562//1161 925//1220 
f 1563//1162 926//1221 927//1222 
f 1565//1164 1564//1163 927//1222 
f 1566//1165 1565//1164 928//1223 
f 1567//1166 1566//1165 929//1224 
f 1567//1166 930//1225 931//1226 
f 1569//1168 1568//1167 931//1226 
f 1570//1169 1569//1168 932//1227 
f 1571//1170 1570//1169 933//1228 
f 933//1228 876//1171 1571//1170 
f 932//1227 933//1228 1570//1169 
f 931//1226 932//1227 1569//1168 
f 931//1226 1568//1167 1567//1166 
f 929//1224 930//1225 1567//1166 
f 928//1223 929//1224 1566//1165 
f 927//1222 928//1223 1565//1164 
f 927//1222 1564//1163 1563//1162 
f 925//1220 926//1221 1563//1162 
f 924//1219 925//1220 1562//1161 
f 923//1218 924//1219 1561//1160 
f 922//1217 923//1218 1560//1159 
f 921//1216 922//1217 1559//1158 
f 921//1216 1558//1157 1557//1156 
f 919//1214 920//1215 1557//1156 
f 918//1213 919//1214 1556//1155 
f 917//1212 918//1213 1555//1154 
f 916//1211 917//1212 1554//1153 
f 915//1210 916//1211 1553//1152 
f 914//1209 915//1210 1552//1151 
f 913//1208 914//1209 1551//1150 
f 912//1207 913//1208 1550//1149 
f 912//1207 1549//1148 1548//1147 
f 910//1205 911//1206 1548//1147 
f 909//1204 910//1205 1547//1146 
f 908//1203 909//1204 1546//1145 
f 908//1203 1545//1144 1544//1143 
f 907//1202 1544//1143 1543//1142 
f 905//1200 906//1201 1543//1142 
f 905//1200 1542//1141 1541//1140 
f 904//1199 1541//1140 1540//1139 
f 902//1197 903//1198 1540//1139 
f 901//1196 902//1197 1539//1138 
f 901//1196 1538//1137 1537//1136 
f 899//1194 900//1195 1537//1136 
f 899//1194 1536//1135 1535//1134 
f 898//1193 1535//1134 1534//1133 
f 897//1192 1534//1133 1533//1132 
f 896//1191 1533//1132 1532//1131 
f 894//1189 895//1190 1532//1131 
f 894//1189 1531//1130 1530//1129 
f 893//1188 1530//1129 1529//1128 
f 892//1187 1529//1128 1528//1127 
f 891//1186 1528//1127 1527//1126 
f 889//1184 890//1185 1527//1126 
f 889//1184 1526//1125 1525//1124 
f 888//1183 1525//1124 1524//1123 
f 887//1182 1524//1123 1523//1122 
f 886//1181 1523//1122 1522//1121 
f 885//1180 1522//1121 1521//1120 
f 884//1179 1521//1120 1520//1119 
f 882//1177 883//1178 1520//1119 
f 882//1177 1519//1118 1518//1117 
f 881//1176 1518//1117 1517//1116 
f 879//1174 880//1175 1517//1116 
f 879//1174 1516//1115 1515//1114 
f 878//1173 1515//1114 1514//1113 
f 876//1171 877//1172 1514//1113 
f 1512//1111 1570//1169 1571//1170 
f 1511//1110 1569//1168 1570//1169 
f 1510//1109 1568//1167 1569//1168 
f 1509//1108 1567//1166 1568//1167 
f 1508//1107 1566//1165 1567//1166 
f 1507//1106 1565//1164 1566//1165 
f 1506//1105 1564//1163 1565//1164 
f 1505//1104 1563//1162 1564//1163 
f 1504//1103 1562//1161 1563//1162 
f 1503//1102 1561//1160 1562//1161 
f 1502//1101 1560//1159 1561//1160 
f 1501//1100 1559//1158 1560//1159 
f 1500//1099 1558//1157 1559//1158 
f 1499//1098 1557//1156 1558//1157 
f 1498//1097 1556//1155 1557//1156 
f 1497//1096 1555//1154 1556//1155 
f 1496//1095 1554//1153 1555//1154 
f 1495//1094 1553//1152 1554//1153 
f 1494//1093 1552//1151 1553//1152 
f 1493//1092 1551//1150 1552//1151 
f 1492//1091 1550//1149 1551//1150 
f 1491//1090 1549//1148 1550//1149 
f 1490//1089 1548//1147 1549//1148 
f 1489//1088 1547//1146 1548//1147 
f 1488//1087 1546//1145 1547//1146 
f 1487//1086 1545//1144 1546//1145 
f 1486//1085 1544//1143 1545//1144 
f 1485//1084 1543//1142 1544//1143 
f 1484//1083 1542//1141 1543//1142 
f 1483//1082 1541//1140 1542//1141 
f 1482//1081 1540//1139 1541//1140 
f 1481//1080 1539//1138 1540//1139 
f 1480//1079 1538//1137 1539//1138 
f 1479//1078 1537//1136 1538//1137 
f 1478//1077 1536//1135 1537//1136 
f 1477//1076 1535//1134 1536//1135 
f 1476//1075 1534//1133 1535//1134 
f 1475//1074 1533//1132 1534//1133 
f 1474//1073 1532//1131 1533//1132 
f 1473//1072 1531//1130 1532//1131 
f 1472//1071 1530//1129 1531//1130 
f 1471//1070 1529//1128 1530//1129 
f 1470//1069 1528//1127 1529//1128 
f 1469//1068 1527//1126 1528//1127 
f 1468//1067 1526//1125 1527//1126 
f 1467//1066 1525//1124 1526//1125 
f 1466//1065 1524//1123 1525//1124 
f 1465//1064 1523//1122 1524//1123 
f 1464//1063 1522//1121 1523//1122 
f 1463//1062 1521//1120 1522//1121 
f 1462//1061 1520//1119 1521//1120 
f 1461//1060 1519//1118 1520//1119 
f 1460//1059 1518//1117 1519//1118 
f 1459//1058 1517//1116 1518//1117 
f 1458//1057 1516//1115 1517//1116 
f 1457//1056 1515//1114 1516//1115 
f 1456//1055 1514//1113 1515//1114 
f 1513//1112 1571//1170 1514//1113 
f 1454//1053 1512//1111 1513//1112 
f 1453//1052 1511//1110 1512//1111 
f 1452//1051 1510//1109 1511//1110 
f 1451//1050 1509//1108 1510//1109 
f 1450//1049 1508//1107 1509//1108 
f 1449//1048 1507//1106 1508//1107 
f 1448//1047 1506//1105 1507//1106 
f 1447//1046 1505//1104 1506//1105 
f 1446//1045 1504//1103 1505//1104 
f 1445//1044 1503//1102 1504//1103 
f 1444//1043 1502//1101 1503//1102 
f 1443//1042 1501//1100 1502//1101 
f 1442//1041 1500//1099 1501//1100 
f 1441//1040 1499//1098 1500//1099 
f 1440//1039 1498//1097 1499//1098 
f 1439//1038 1497//1096 1498//1097 
f 1438//1037 1496//1095 1497//1096 
f 1437//1036 1495//1094 1496//1095 
f 1436//1035 1494//1093 1495//1094 
f 1435//1034 1493//1092 1494//1093 
f 1434//1033 1492//1091 1493//1092 
f 1433//1032 1491//1090 1492//1091 
f 1432//1031 1490//1089 1491//1090 
f 1431//1030 1489//1088 1490//1089 
f 1430//1029 1488//1087 1489//1088 
f 1429//1028 1487//1086 1488//1087 
f 1428//1027 1486//1085 1487//1086 
f 1427//1026 1485//1084 1486//1085 
f 1426//1025 1484//1083 1485//1084 
f 1425//1024 1483//1082 1484//1083 
f 1424//1023 1482//1081 1483//1082 
f 1423//1022 1481//1080 1482//1081 
f 1422//1021 1480//1079 1481//1080 
f 1421//1020 1479//1078 1480//1079 
f 1420//1019 1478//1077 1479//1078 
f 1419//1018 1477//1076 1478//1077 
f 1418//1017 1476//1075 1477//1076 
f 1417//1016 1475//1074 1476//1075 
f 1416//1015 1474//1073 1475//1074 
f 1415//1014 1473//1072 1474//1073 
f 1414//1013 1472//1071 1473//1072 
f 1413//1012 1471//1070 1472//1071 
f 1412//1011 1470//1069 1471//1070 
f 1411//1010 1469//1068 1470//1069 
f 1410//1009 1468//1067 1469//1068 
f 1409//1008 1467//1066 1468//1067 
f 1408//1007 1466//1065 1467//1066 
f 1407//1006 1465//1064 1466//1065 
f 1406//1005 1464//1063 1465//1064 
f 1405//1004 1463//1062 1464//1063 
f 1404//1003 1462//1061 1463//1062 
f 1403//1002 1461//1060 1462//1061 
f 1402//1001 1460//1059 1461//1060 
f 1401//1000 1459//1058 1460//1059 
f 1400//999 1458//1057 1459//1058 
f 1399//998 1457//1056 1458//1057 
f 1398//997 1456//1055 1457//1056 
f 1455//1054 1513//1112 1456//1055 
f 1396//995 1454//1053 1455//1054 
f 1395//994 1453//1052 1454//1053 
f 1394//993 1452//1051 1453//1052 
f 1393//992 1451//1050 1452//1051 
f 1392//991 1450//1049 1451//1050 
f 1391//990 1449//1048 1450//1049 
f 1390//989 1448//1047 1449//1048 
f 1389//988 1447//1046 1448//1047 
f 1388//987 1446//1045 1447//1046 
f 1387//986 1445//1044 1446//1045 
f 1386//985 1444//1043 1445//1044 
f 1385//984 1443//1042 1444//1043 
f 1384//983 1442//1041 1443//1042 
f 1383//982 1441//1040 1442//1041 
f 1382//981 1440//1039 1441//1040 
f 1381//980 1439//1038 1440//1039 
f 1380//979 1438//1037 1439//1038 
f 1379//978 1437//1036 1438//1037 
f 1378//977 1436//1035 1437//1036 
f 1377//976 1435//1034 1436//1035 
f 1376//975 1434//1033 1435//1034 
f 1375//974 1433//1032 1434//1033 
f 1374//973 1432//1031 1433//1032 
f 1373//972 1431//1030 1432//1031 
f 1372//971 1430//1029 1431//1030 
f 1371//970 1429//1028 1430//1029 
f 1370//969 1428//1027 1429//1028 
f 1369//968 1427//1026 1428//1027 
f 1368//967 1426//1025 1427//1026 
f 1367//966 1425//1024 1426//1025 
f 1366//965 1424//1023 1425//1024 
f 1365//964 1423//1022 1424//1023 
f 1364//963 1422//1021 1423//1022 
f 1363//962 1421//1020 1422//1021 
f 1362//961 1420//1019 1421//1020 
f 1361//960 1419//1018 1420//1019 
f 1360//959 1418//1017 1419//1018 
f 1359//958 1417//1016 1418//1017 
f 1358//957 1416//1015 1417//1016 
f 1357//956 1415//1014 1416//1015 
f 1356//955 1414//1013 1415//1014 
f 1355//954 1413//1012 1414//1013 
f 1354//953 1412//1011 1413//1012 
f 1353//952 1411//1010 1412//1011 
f 1352//951 1410//1009 1411//1010 
f 1351//950 1409//1008 1410//1009 
f 1350//949 1408//1007 1409//1008 
f 1349//948 1407//1006 1408//1007 
f 1348//947 1406//1005 1407//1006 
f 1347//946 1405//1004 1406//1005 
f 1346//945 1404//1003 1405//1004 
f 1345//944 1403//1002 1404//1003 
f 1344//943 1402//1001 1403//1002 
f 1343//942 1401//1000 1402//1001 
f 1342//941 1400//999 1401//1000 
f 1341//940 1399//998 1400//999 
f 1340//939 1398//997 1399//998 
f 1397//996 1455//1054 1398//997 
f 1338//937 1396//995 1397//996 
f 1337//936 1395//994 1396//995 
f 1336//935 1394//993 1395//994 
f 1335//934 1393//992 1394//993 
f 1334//933 1392//991 1393//992 
f 1333//932 1391//990 1392//991 
f 1332//931 1390//989 1391//990 
f 1331//930 1389//988 1390//989 
f 1330//929 1388//987 1389//988 
f 1329//928 1387//986 1388//987 
f 1328//927 1386//985 1387//986 
f 1327//926 1385//984 1386//985 
f 1326//925 1384//983 1385//984 
f 1325//924 1383//982 1384//983 
f 1324//923 1382//981 1383//982 
f 1323//922 1381//980 1382//981 
f 1322//921 1380//979 1381//980 
f 1321//920 1379//978 1380//979 
f 1320//919 1378//977 1379//978 
f 1319//918 1377//976 1378//977 
f 1318//917 1376//975 1377//976 
f 1317//916 1375//974 1376//975 
f 1316//915 1374//973 1375//974 
f 1315//914 1373//972 1374//973 
f 1314//913 1372//971 1373//972 
f 1313//912 1371//970 1372//971 
f 1312//911 1370//969 1371//970 
f 1311//910 1369//968 1370//969 
f 1310//909 1368//967 1369//968 
f 1309//908 1367//966 1368//967 
f 1308//907 1366//965 1367//966 
f 1307//906 1365//964 1366//965 
f 1306//905 1364//963 1365//964 
f 1305//904 1363//962 1364//963 
f 1304//903 1362//961 1363//962 
f 1303//902 1361//960 1362//961 
f 1302//901 1360//959 1361//960 
f 1301//900 1359//958 1360//959 
f 1300//899 1358//957 1359//958 
f 1299//898 1357//956 1358//957 
f 1298//897 1356//955 1357//956 
f 1297//896 1355//954 1356//955 
f 1296//895 1354//953 1355//954 
f 1295//894 1353//952 1354//953 
f 1294//893 1352//951 1353//952 
f 1293//892 1351//950 1352//951 
f 1292//891 1350//949 1351//950 
f 1291//890 1349//948 1350//949 
f 1290//889 1348//947 1349//948 
f 1289//888 1347//946 1348//947 
f 1288//887 1346//945 1347//946 
f 1287//886 1345//944 1346//945 
f 1286//885 1344//943 1345//944 
f 1285//884 1343//942 1344//943 
f 1284//883 1342//941 1343//942 
f 1283//882 1341//940 1342//941 
f 1282//881 1340//939 1341//940 
f 1339//938 1397//996 1340//939 
f 1280//879 1338//937 1339//938 
f 1279//878 1337//936 1338//937 
f 1278//877 1336//935 1337//936 
f 1277//876 1335//934 1336//935 
f 1276//875 1334//933 1335//934 
f 1275//874 1333//932 1334//933 
f 1274//873 1332//931 1333//932 
f 1273//872 1331//930 1332//931 
f 1272//871 1330//929 1331//930 
f 1271//870 1329//928 1330//929 
f 1270//869 1328//927 1329//928 
f 1269//868 1327//926 1328//927 
f 1268//867 1326//925 1327//926 
f 1267//866 1325//924 1326//925 
f 1266//865 1324//923 1325//924 
f 1265//864 1323//922 1324//923 
f 1264//863 1322//921 1323//922 
f 1263//862 1321//920 1322//921 
f 1262//861 1320//919 1321//920 
f 1261//860 1319//918 1320//919 
f 1260//859 1318//917 1319//918 
f 1259//858 1317//916 1318//917 
f 1258//857 1316//915 1317//916 
f 1257//856 1315//914 1316//915 
f 1256//855 1314//913 1315//914 
f 1255//854 1313//912 1314//913 
f 1254//853 1312//911 1313//912 
f 1253//852 1311//910 1312//911 
f 1252//851 1310//909 1311//910 
f 1251//850 1309//908 1310//909 
f 1250//849 1308//907 1309//908 
f 1249//848 1307//906 1308//907 
f 1248//847 1306//905 1307//906 
f 1247//846 1305//904 1306//905 
f 1246//845 1304//903 1305//904 
f 1245//844 1303//902 1304//903 
f 1244//843 1302//901 1303//902 
f 1243//842 1301//900 1302//901 
f 1242//841 1300//899 1301//900 
f 1241//840 1299//898 1300//899 
f 1240//839 1298//897 1299//898 
f 1239//838 1297//896 1298//897 
f 1238//837 1296//895 1297//896 
f 1237//836 1295//894 1296//895 
f 1236//835 1294//893 1295//894 
f 1235//834 1293//892 1294//893 
f 1234//833 1292//891 1293//892 
f 1233//832 1291//890 1292//891 
f 1232//831 1290//889 1291//890 
f 1231//830 1289//888 1290//889 
f 1230//829 1288//887 1289//888 
f 1229//828 1287//886 1288//887 
f 1228//827 1286//885 1287//886 
f 1227//826 1285//884 1286//885 
f 1226//825 1284//883 1285//884 
f 1225//824 1283//882 1284//883 
f 1224//823 1282//881 1283//882 
f 1281//880 1339//938 1282//881 
f 1222//821 1280//879 1281//880 
f 1221//820 1279//878 1280//879 
f 1220//819 1278//877 1279//878 
f 1219//818 1277//876 1278//877 
f 1218//817 1276//875 1277//876 
f 1217//816 1275//874 1276//875 
f 1216//815 1274//873 1275//874 
f 1215//814 1273//872 1274//873 
f 1214//813 1272//871 1273//872 
f 1213//812 1271//870 1272//871 
f 1212//811 1270//869 1271//870 
f 1211//810 1269//868 1270//869 
f 1210//809 1268//867 1269//868 
f 1209//808 1267//866 1268//867 
f 1208//807 1266//865 1267//866 
f 1207//806 1265//864 1266//865 
f 1206//805 1264//863 1265//864 
f 1205//804 1263//862 1264//863 
f 1204//803 1262//861 1263//862 
f 1203//802 1261//860 1262//861 
f 1202//801 1260//859 1261//860 
f 1201//800 1259//858 1260//859 
f 1200//799 1258//857 1259//858 
f 1199//798 1257//856 1258//857 
f 1198//797 1256//855 1257//856 
f 1197//796 1255//854 1256//855 
f 1196//795 1254//853 1255//854 
f 1195//794 1253//852 1254//853 
f 1194//793 1252//851 1253//852 
f 1193//792 1251//850 1252//851 
f 1192//791 1250//849 1251//850 
f 1191//790 1249//848 1250//849 
f 1190//789 1248//847 1249//848 
f 1189//788 1247//846 1248//847 
f 1188//787 1246//845 1247//846 
f 1187//786 1245//844 1246//845 
f 1186//785 1244//843 1245//844 
f 1185//784 1243//842 1244//843 
f 1184//783 1242//841 1243//842 
f 1183//782 1241//840 1242//841 
f 1182//781 1240//839 1241//840 
f 1181//780 1239//838 1240//839 
f 1180//779 1238//837 1239//838 
f 1179//778 1237//836 1238//837 
f 1178//777 1236//835 1237//836 
f 1177//776 1235//834 1236//835 
f 1176//775 1234//833 1235//834 
f 1175//774 1233//832 1234//833 
f 1174//773 1232//831 1233//832 
f 1173//772 1231//830 1232//831 
f 1172//771 1230//829 1231//830 
f 1171//770 1229//828 1230//829 
f 1170//769 1228//827 1229//828 
f 1169//768 1227//826 1228//827 
f 1168//767 1226//825 1227//826 
f 1167//766 1225//824 1226//825 
f 1166//765 1224//823 1225//824 
f 1223//822 1281//880 1224//823 
f 1164//763 1222//821 1223//822 
f 1163//762 1221//820 1222//821 
f 1162//761 1220//819 1221//820 
f 1161//760 1219//818 1220//819 
f 1160//759 1218//817 1219//818 
f 1159//758 1217//816 1218//817 
f 1158//757 1216//815 1217//816 
f 1157//756 1215//814 1216//815 
f 1156//755 1214//813 1215//814 
f 1155//754 1213//812 1214//813 
f 1154//753 1212//811 1213//812 
f 1153//752 1211//810 1212//811 
f 1152//751 1210//809 1211//810 
f 1151//750 1209//808 1210//809 
f 1150//749 1208//807 1209//808 
f 1149//748 1207//806 1208//807 
f 1148//747 1206//805 1207//806 
f 1147//746 1205//804 1206//805 
f 1146//745 1204//803 1205//804 
f 1145//744 1203//802 1204//803 
f 1144//743 1202//801 1203//802 
f 1143//742 1201//800 1202//801 
f 1142//741 1200//799 1201//800 
f 1141//740 1199//798 1200//799 
f 1140//739 1198//797 1199//798 
f 1139//738 1197//796 1198//797 
f 1138//737 1196//795 1197//796 
f 1137//736 1195//794 1196//795 
f 1136//735 1194//793 1195//794 
f 1135//734 1193//792 1194//793 
f 1134//733 1192//791 1193//792 
f 1133//732 1191//790 1192//791 
f 1132//731 1190//789 1191//790 
f 1131//730 1189//788 1190//789 
f 1130//729 1188//787 1189//788 
f 1129//728 1187//786 1188//787 
f 1128//727 1186//785 1187//786 
f 1127//726 1185//784 1186//785 
f 1126//725 1184//783 1185//784 
f 1125//724 1183//782 1184//783 
f 1124//723 1182//781 1183//782 
f 1123//722 1181//780 1182//781 
f 1122//721 1180//779 1181//780 
f 1121//720 1179//778 1180//779 
f 1120//719 1178//777 1179//778 
f 1119//718 1177//776 1178//777 
f 1118//717 1176//775 1177//776 
f 1117//716 1175//774 1176//775 
f 1116//715 1174//773 1175//774 
f 1115//714 1173//772 1174//773 
f 1114//713 1172//771 1173//772 
f 1113//712 1171//770 1172//771 
f 1112//711 1170//769 1171//770 
f 1111//710 1169//768 1170//769 
f 1110//709 1168//767 1169//768 
f 1109//708 1167//766 1168//767 
f 1108//707 1166//765 1167//766 
f 1165//764 1223//822 1166//765 
f 1106//705 1164//763 1165//764 
f 1105//704 1163//762 1164//763 
f 1104//703 1162//761 1163//762 
f 1103//702 1161//760 1162//761 
f 1102//701 1160//759 1161//760 
f 1101//700 1159//758 1160//759 
f 1100//699 1158//757 1159//758 
f 1099//698 1157//756 1158//757 
f 1098//697 1156//755 1157//756 
f 1097//696 1155//754 1156//755 
f 1096//695 1154//753 1155//754 
f 1095//694 1153//752 1154//753 
f 1094//693 1152//751 1153//752 
f 1093//692 1151//750 1152//751 
f 1092//691 1150//749 1151//750 
f 1091//690 1149//748 1150//749 
f 1090//689 1148//747 1149//748 
f 1089//688 1147//746 1148//747 
f 1088//687 1146//745 1147//746 
f 1087//686 1145//744 1146//745 
f 1086//685 1144//743 1145//744 
f 1085//684 1143//742 1144//743 
f 1084//683 1142//741 1143//742 
f 1083//682 1141//740 1142//741 
f 1082//681 1140//739 1141//740 
f 1081//680 1139//738 1140//739 
f 1080//679 1138//737 1139//738 
f 1079//678 1137//736 1138//737 
f 1078//677 1136//735 1137//736 
f 1077//676 1135//734 1136//735 
f 1076//675 1134//733 1135//734 
f 1075//674 1133//732 1134//733 
f 1074//673 1132//731 1133//732 
f 1073//672 1131//730 1132//731 
f 1072//671 1130//729 1131//730 
f 1071//670 1129//728 1130//729 
f 1070//669 1128//727 1129//728 
f 1069//668 1127//726 1128//727 
f 1068//667 1126//725 1127//726 
f 1067//666 1125//724 1126//725 
f 1066//665 1124//723 1125//724 
f 1065//664 1123//722 1124//723 
f 1064//663 1122//721 1123//722 
f 1063//662 1121//720 1122//721 
f 1062//661 1120//719 1121//720 
f 1061//660 1119//718 1120//719 
f 1060//659 1118//717 1119//718 
f 1059//658 1117//716 1118//717 
f 1058//657 1116//715 1117//716 
f 1057//656 1115//714 1116//715 
f 1056//655 1114//713 1115//714 
f 1055//654 1113//712 1114//713 
f 1054//653 1112//711 1113//712 
f 1053//652 1111//710 1112//711 
f 1052//651 1110//709 1111//710 
f 1051//650 1109//708 1110//709 
f 1050//649 1108//707 1109//708 
f 1107//706 1165//764 1108//707 
f 1047//646 1106//705 1107//706 
f 1045//644 1105//704 1106//705 
f 1043//642 1104//703 1105//704 
f 1041//640 1103//702 1104//703 
f 1039//638 1102//701 1103//702 
f 1037//636 1101//700 1102//701 
f 1035//634 1100//699 1101//700 
f 1033//632 1099//698 1100//699 
f 1031//630 1098//697 1099//698 
f 1029//628 1097//696 1098//697 
f 1027//626 1096//695 1097//696 
f 1025//624 1095//694 1096//695 
f 1023//622 1094//693 1095//694 
f 1021//620 1093//692 1094//693 
f 1019//618 1092//691 1093//692 
f 1017//616 1091//690 1092//691 
f 1015//614 1090//689 1091//690 
f 1013//612 1089//688 1090//689 
f 1011//610 1088//687 1089//688 
f 1009//608 1087//686 1088//687 
f 1007//606 1086//685 1087//686 
f 1005//604 1085//684 1086//685 
f 1003//602 1084//683 1085//684 
f 1001//600 1083//682 1084//683 
f 999//598 1082//681 1083//682 
f 997//596 1081//680 1082//681 
f 995//594 1080//679 1081//680 
f 993//592 1079//678 1080//679 
f 991//590 1078//677 1079//678 
f 989//588 1077//676 1078//677 
f 987//586 1076//675 1077//676 
f 985//584 1075//674 1076//675 
f 983//582 1074//673 1075//674 
f 981//580 1073//672 1074//673 
f 979//578 1072//671 1073//672 
f 977//576 1071//670 1072//671 
f 975//574 1070//669 1071//670 
f 973//572 1069//668 1070//669 
f 971//570 1068//667 1069//668 
f 969//568 1067//666 1068//667 
f 967//566 1066//665 1067//666 
f 965//564 1065//664 1066//665 
f 963//562 1064//663 1065//664 
f 961//560 1063//662 1064//663 
f 959//558 1062//661 1063//662 
f 957//556 1061//660 1062//661 
f 955//554 1060//659 1061//660 
f 953//552 1059//658 1060//659 
f 951//550 1058//657 1059//658 
f 949//548 1057//656 1058//657 
f 947//546 1056//655 1057//656 
f 945//544 1055//654 1056//655 
f 943//542 1054//653 1055//654 
f 941//540 1053//652 1054//653 
f 939//538 1052//651 1053//652 
f 937//536 1051//650 1052//651 
f 934//533 1050//649 1051//650 
f 1049//648 1107//706 1050//649 
f 1048//647 1047//646 1049//648 
f 1046//645 1045//644 1047//646 
f 1044//643 1043//642 1045//644 
f 1042//641 1041//640 1043//642 
f 1040//639 1039//638 1041//640 
f 1038//637 1037//636 1039//638 
f 1036//635 1035//634 1037//636 
f 1034//633 1033//632 1035//634 
f 1032//631 1031//630 1033//632 
f 1030//629 1029//628 1031//630 
f 1028//627 1027//626 1029//628 
f 1026//625 1025//624 1027//626 
f 1024//623 1023//622 1025//624 
f 1022//621 1021//620 1023//622 
f 1020//619 1019//618 1021//620 
f 1018//617 1017//616 1019//618 
f 1016//615 1015//614 1017//616 
f 1014//613 1013//612 1015//614 
f 1012//611 1011//610 1013//612 
f 1010//609 1009//608 1011//610 
f 1008//607 1007//606 1009//608 
f 1006//605 1005//604 1007//606 
f 1004//603 1003//602 1005//604 
f 1002//601 1001//600 1003//602 
f 1000//599 999//598 1001//600 
f 998//597 997//596 999//598 
f 996//595 995//594 997//596 
f 994//593 993//592 995//594 
f 992//591 991//590 993//592 
f 990//589 989//588 991//590 
f 988//587 987//586 989//588 
f 986//585 985//584 987//586 
f 984//583 983//582 985//584 
f 982//581 981//580 983//582 
f 980//579 979//578 981//580 
f 978//577 977//576 979//578 
f 976//575 975//574 977//576 
f 974//573 973//572 975//574 
f 972//571 971//570 973//572 
f 970//569 969//568 971//570 
f 968//567 967//566 969//568 
f 966//565 965//564 967//566 
f 964//563 963//562 965//564 
f 962//561 961//560 963//562 
f 960//559 959//558 961//560 
f 958//557 957//556 959//558 
f 956//555 955//554 957//556 
f 954//553 953//552 955//554 
f 952//551 951//550 953//552 
f 950//549 949//548 951//550 
f 948//547 947//546 949//548 
f 946//545 945//544 947//546 
f 944//543 943//542 945//544 
f 942//541 941//540 943//542 
f 940//539 939//538 941//540 
f 938//537 937//536 939//538 
f 935//534 934//533 937//536 
f 936//535 1049//648 934//533 
f 1572//1229 1048//647 936//535 
f 1572//1230 1046//645 1048//647 
f 1572//1231 1044//643 1046//645 
f 1572//1232 1042//641 1044//643 
f 1572//1233 1040//639 1042//641 
f 1572//1234 1038//637 1040//639 
f 1572//1235 1036//635 1038//637 
f 1572//1236 1034//633 1036//635 
f 1572//1237 1032//631 1034//633 
f 1572//1238 1030//629 1032//631 
f 1572//1239 1028//627 1030//629 
f 1572//1240 1026//625 1028//627 
f 1572//1241 1024//623 1026//625 
f 1572//1242 1022//621 1024//623 
f 1572//1243 1020//619 1022//621 
f 1572//1244 1018//617 1020//619 
f 1572//1245 1016//615 1018//617 
f 1572//1246 1014//613 1016//615 
f 1572//1247 1012//611 1014//613 
f 1572//1248 1010//609 1012//611 
f 1572//1249 1008//607 1010//609 
f 1572//1250 1006//605 1008//607 
f 1572//1251 1004//603 1006//605 
f 1572//1252 1002//601 1004//603 
f 1572//1253 1000//599 1002//601 
f 1572//1254 998//597 1000//599 
f 1572//1255 996//595 998//597 
f 1572//1256 994//593 996//595 
f 1572//1257 992//591 994//593 
f 1572//1258 990//589 992//591 
f 1572//1259 988//587 990//589 
f 1572//1260 986//585 988//587 
f 1572//1261 984//583 986//585 
f 1572//1262 982//581 984//583 
f 1572//1263 980//579 982//581 
f 1572//1264 978//577 980//579 
f 1572//1265 976//575 978//577 
f 1572//1266 974//573 976//575 
f 1572//1267 972//571 974//573 
f 1572//1268 970//569 972//571 
f 1572//1269 968//567 970//569 
f 1572//1270 966//565 968//567 
f 1572//1271 964//563 966//565 
f 1572//1272 962//561 964//563 
f 1572//1273 960//559 962//561 
f 1572//1274 958//557 960//559 
f 1572//1275 956//555 958//557 
f 1572//1276 954//553 956//555 
f 1572//1277 952//551 954//553 
f 1572//1278 950//549 952//551 
f 1572//1279 948//547 950//549 
f 1572//1280 946//545 948//547 
f 1572//1281 944//543 946//545 
f 1572//1282 942//541 944//543 
f 1572//1283 940//539 942//541 
f 1572//1284 938//537 940//539 
f 1572//1285 935//534 938//537 
f 1572//1286 936//535 935//534 
